"","id","date","lon","lat","x","y","x.se","y.se","u","v","u.se","v.se","s","s.se","Number_dives","Dives","Total_dive_time_sec","Avg_dive_time_sec","Avg_dive_depth","SD_dive_depth","Number_surfaces","Surfaces","Total_surface_time_sec","Avg_surface_time_sec"
"1",41589,2018-03-18 07:00:00,-35.0275000000097,-6.33380000001146,-3899.24346376247,-701.805274643932,9.9999999750637e-06,9.99999997580959e-06,1.16806731534074e-09,6.96308037122983e-10,9.99999999184248e-06,9.99999999144467e-06,0,NA,8,"1:8",5340,667.5,11.875,5.90852894430706,8,"1:8",340,42.5
"2",41589,2018-03-18 09:00:00,-35.0083549269192,-6.31401593071067,-3897.11224397483,-699.604093791357,0.0561592950700936,0.0609594294347362,1.1637902434689,1.93628829024947,0.115081059115216,0.120059973263608,0.0691900485734334,NA,6,"9:14",7180,1196.66666666667,17.25,8.37705198742374,5,"9:13",390,78
"3",41589,2018-03-18 11:00:00,-35.0075327123918,-6.27716906122942,-3897.02071547233,-695.504728145494,0.0696115160966388,0.0760370227832698,-0.648715461992142,1.91069128790551,0.119734235452676,0.124266937512507,0.0799750050705955,NA,5,"15:19",7510,1502,16.3,5.77278095894864,5,"14:18",280,56
"4",41589,2018-03-18 13:00:00,-35.0254326806546,-6.24307504113333,-3899.01333082455,-691.711890051521,0.0601849625501154,0.0661213768242934,-0.810610946266303,1.90762184964719,0.115568183320701,0.120185584674576,0.122176119588125,NA,3,"20:22",5620,1873.33333333333,15.8333333333333,2.02072594216369,4,"19:22",240,60
"5",41589,2018-03-18 15:00:00,-35.0437879559392,-6.21522111830823,-3901.0566307226,-688.613426247908,0.0604718426876787,0.0660203278661876,-1.44105647604632,1.1764540541587,0.113471798061191,0.117534183554926,0.155952072713732,NA,6,"23:28",7720,1286.66666666667,12,5.11859355682789,5,"23:27",280,56
"6",41589,2018-03-18 17:00:00,-35.0703079028198,-6.19742985574373,-3904.00881770522,-686.63441743142,0.0578207929446852,0.063547710308304,-0.970437912878406,1.22254918731504,0.114096141811004,0.120811806461662,0.401848055665357,NA,3,"29:31",7160,2386.66666666667,15.3333333333333,1.60727512683216,3,"28:30",320,106.666666666667
"7",41589,2018-03-18 19:00:00,-35.0742464324337,-6.1863061393662,-3904.44725281631,-685.39710662695,0.0718356445403006,0.0796520382770003,-0.00541345425724596,0.159595345318457,0.10445212002467,0.112277246891631,0.542419306045316,NA,2,"32:33",5460,2730,16.5,0,3,"31:33",460,153.333333333333
"8",41589,2018-03-18 21:00:00,-35.0742443236468,-6.18658094220044,-3904.44701806723,-685.427673118107,0.0983802165117942,0.107474314592022,0.0111784692802769,-0.0287978310182139,0.156516960857329,0.160026432953406,0.00780242411113116,NA,5,"34:38",8200,1640,16,0.5,4,"34:37",420,105
"9",41589,2018-03-18 23:00:00,-35.0741679013965,-6.18638434807116,-3904.43851078124,-685.405805828487,0.0987660248581312,0.107770482530354,0.00687104371397295,0.0154281410852053,0.176289042708931,0.179925904652697,0.00382198610344155,NA,2,"39:40",5540,2770,15,0.707106781186548,3,"38:40",420,140
"10",41589,2018-03-19 01:00:00,-35.0741977428225,-6.18648215692067,-3904.44183271359,-685.416685167789,0.0832251029496344,0.0921460020114872,0.00372297260338448,-0.00522746866787103,0.118128728538312,0.120210267592611,0.00599064167133041,NA,2,"41:42",5980,2990,14,0,2,"41:42",330,165
"11",41589,2018-03-19 03:00:00,-35.0743697723976,-6.18656523925533,-3904.46098295829,-685.425926469265,0.118987462589269,0.127745951072653,-0.0220251932456145,-0.00715285528032916,0.165565091471914,0.16813721797409,0.00378869476651518,NA,3,"43:45",8810,2936.66666666667,14.5,0.5,2,"43:44",310,155
"12",41589,2018-03-19 05:00:00,-35.074505157668,-6.18652774318925,-3904.47605397765,-685.421755757555,0.108294374588419,0.115485878661888,0.00543361106520807,0.0159527853616445,0.13483232228717,0.138657331427985,0.0284821659437287,NA,2,"46:47",4880,2440,15.75,0.353553390593274,3,"45:47",480,160
"13",41589,2018-03-19 07:00:00,-35.0746824706583,-6.18627328459244,-3904.49579236944,-685.393452170988,0.0887675547160355,0.0962611386372746,-0.0218483801293951,0.00765122290587027,0.0845389074960986,0.0911882562496479,0.0347918532189343,NA,3,"48:50",7960,2653.33333333333,16.5,0,3,"48:50",520,173.333333333333
"14",41589,2018-03-19 09:00:00,-35.0742850279807,-6.18647799908314,-3904.45154925295,-685.416222688885,0.0736662806272515,0.0809154730196799,0.108594151812903,-0.0358098502022741,0.119677686586293,0.124232511162915,0.011295613507857,NA,3,"51:53",7130,2376.66666666667,16,0.5,2,"51:52",350,175
"15",41589,2018-03-19 11:00:00,-35.0742204906377,-6.18654491423092,-3904.4443649888,-685.423665703601,0.0663021995061929,0.0734285175885435,-0.0118620383878265,0.00797431552471333,0.111024403496256,0.116971890125828,0.0109884412587686,NA,4,"54:57",7170,1792.5,11.75,6.5,4,"53:56",380,95
"16",41589,2018-03-19 13:00:00,-35.074371922366,-6.18629790681488,-3904.46122229168,-685.396190915364,0.0677094818046469,0.0750402275345946,-0.0303314843898151,0.0128827143417111,0.10801029733181,0.114300582858252,0.0122701431851856,NA,4,"58:61",7440,1860,14.125,0.25,4,"57:60",390,97.5
"17",41589,2018-03-19 15:00:00,-35.0743811628183,-6.18625331169359,-3904.46225093412,-685.391230573723,0.0698671413796288,0.0767775749666058,-0.0287072024706636,0.000538349147206891,0.116693679885155,0.121760803009091,0.0302286126009714,NA,2,"62:63",4990,2495,14.5,0.707106781186548,3,"61:63",480,160
"18",41589,2018-03-19 17:00:00,-35.0745616686793,-6.18627785933604,-3904.48234475465,-685.393961022418,0.0728368317648719,0.0798879802790462,0.00705603763850007,-0.00511201045052916,0.122558056169308,0.126426693297631,0.00434691647477346,NA,3,"64:66",7130,2376.66666666667,15.8333333333333,0.288675134594813,3,"64:66",490,163.333333333333
"19",41589,2018-03-19 19:00:00,-35.0744912483609,-6.18638326417577,-3904.47450560066,-685.405685266139,0.0702616435200559,0.0772851744919655,-0.0136008159337612,0.0120957071221135,0.118639443515833,0.123311513634979,0.00134659103546613,NA,3,"67:69",7330,2443.33333333333,16.5,0,2,"67:68",370,185
"20",41589,2018-03-19 21:00:00,-35.074619292024,-6.18563768638293,-3904.48875935605,-685.322754250684,0.0897747398924893,0.0961050652085353,-0.0274324634673278,0.0472508204460527,0.11657053578937,0.120949681135949,0.0393931696686493,NA,4,"70:73",6330,1582.5,15.375,1.65201896679992,4,"69:72",510,127.5
"21",41589,2018-03-19 23:00:00,-35.0772219437997,-6.18976254571298,-3904.77848522643,-685.781566039649,0.0553164310219512,0.0614078344501108,-0.121529064312677,-0.160597144695437,0.105853597546256,0.110704160003383,0.233211000213915,NA,5,"74:78",5840,1168,13.3,1.03682206766639,6,"73:78",640,106.666666666667
"22",41589,2018-03-20 01:00:00,-35.0742584032996,-6.18775226061862,-3904.44858540701,-685.557959779076,0.0596156553981028,0.0656448718128445,0.0742084327973404,0.0356445868383442,0.117627820030535,0.122573887507572,0.0923961997194653,NA,3,"79:81",6720,2240,13.8333333333333,0.763762615825973,3,"79:81",410,136.666666666667
"23",41589,2018-03-20 03:00:00,-35.0746670710161,-6.18627281915912,-3904.49407808911,-685.393400400567,0.0689671015018264,0.0754658327333328,-0.0111569647867741,0.0459264539321949,0.116798562349944,0.12007619202449,0.0566449844048833,NA,4,"82:85",7330,1832.5,13.75,0.288675134594813,4,"82:85",420,105
"24",41589,2018-03-20 05:00:00,-35.0764910195249,-6.18443366261616,-3904.69711910834,-685.188830295306,0.0615796334113138,0.0681707852579852,0.126229104036845,-0.0283602421538587,0.118442522036195,0.122750638426042,0.0382984192097439,NA,4,"86:89",6270,1567.5,15.125,0.629152869605896,4,"86:89",520,130
"25",41589,2018-03-20 07:00:00,-35.0747576143516,-6.18661282707918,-3904.50415732712,-685.431219694156,0.0811746333600073,0.0884862184098075,0.0142205919301784,-0.0594109850896185,0.139141618557877,0.142303109565431,0.0238475002496876,NA,3,"90:92",6520,2173.33333333333,16.5,0,3,"90:92",390,130
"26",41589,2018-03-20 09:00:00,-35.0741036192127,-6.18663329542411,-3904.43135492127,-685.433496401751,0.108508002908008,0.118845518093671,0.023344991590589,-0.00137902534111861,0.162483974495457,0.166058979040458,0.0108782787817302,NA,3,"93:95",6740,2246.66666666667,16.1666666666667,0.577350269189626,3,"93:95",330,110
"27",41589,2018-03-20 11:00:00,-35.0743158250981,-6.18661322127807,-3904.45497757237,-685.43126354116,0.0872891652427208,0.0954493186088347,0.000846811567909076,0.00659492590124149,0.129925931548402,0.133314907826656,0.0174229296195899,NA,2,"96:97",6620,3310,15.5,0.707106781186548,2,"96:97",300,150
"28",41589,2018-03-20 13:00:00,-35.0740742884818,-6.18658354842336,-3904.42808983924,-685.427963009989,0.131914078518318,0.143156480146367,0.00956918854466526,-0.00108149124099292,0.184759953950614,0.188197159982917,0.00481250709614377,NA,2,"98:99",6830,3415,14.75,0.353553390593274,2,"98:99",250,125
"29",41589,2018-03-20 15:00:00,-35.0742565753564,-6.18654137013768,-3904.44838192131,-685.423271491819,0.112310017283912,0.121364081452723,-0.0101458543876608,0.00234559863654317,0.0741871471088282,0.0797486543933902,0.0200106937124171,NA,3,"100:102",9280,3093.33333333333,14.5,0,2,"100:101",250,125
"30",41589,2018-03-20 17:00:00,-35.0745084408126,-6.18663792665319,-3904.47641945563,-685.434011536447,0.162081872541887,0.167241691358221,-0.0147194823424786,-0.00724363973546453,0.109775270383706,0.113648777151134,0.00828383134278744,NA,2,"103:104",5340,2670,15.5,0,3,"102:104",360,120
"31",41589,2018-03-20 19:00:00,-35.0745481298893,-6.18548006059485,-3904.48083762344,-685.3052214654,0.264128562603591,0.270148236527989,0.00343806164533008,0.0958646682807294,0.227606610621176,0.228567216113657,0.0697590959573283,NA,3,"105:107",7310,2436.66666666667,16.5,0,3,"105:107",390,130
"32",41589,2018-03-20 21:00:00,-35.0741020496389,-6.18302664641979,-3904.43118019712,-685.03232781745,0.262300086329176,0.269264000288689,0.0248286766795219,0.136444503316369,0.135734839880796,0.13802469466293,0.0458724473192864,NA,4,"108:111",7020,1755,17.125,0.478713553878169,3,"108:110",290,96.6666666666667
"33",41589,2018-03-20 23:00:00,-35.0733941018783,-6.18244068505931,-3904.3523718129,-684.967151432132,0.0944741225488371,0.101139427597221,0.043169443990849,-0.0169839221220231,0.1347658196539,0.140255061748339,0.0736366731836837,NA,3,"112:114",6930,2310,16.8333333333333,1.25830573921179,3,"111:113",390,130
"34",41589,2018-03-21 01:00:00,-35.0740788348863,-6.18690437833733,-3904.42859594268,-685.463649142566,0.0647913178704319,0.0714545929615329,-0.0307806736362608,-0.297292275241029,0.0867315960183787,0.0934123097128444,0.0599548295075938,NA,4,"115:118",6200,1550,13.875,0.478713553878169,5,"114:118",570,114
"35",41589,2018-03-21 03:00:00,-35.0744006668407,-6.1869389638166,-3904.46442211196,-685.467496110587,0.128823014973132,0.136105551513564,-0.0166708166141218,0.176185377031727,0.176412102542895,0.179261427248236,0.0433644416488924,NA,4,"119:122",6580,1645,15.375,0.25,4,"119:122",470,117.5
"36",41589,2018-03-21 05:00:00,-35.0742850687868,-6.18599576945252,-3904.45155379546,-685.362584006661,0.0635594460629377,0.0705960574322013,0.0290599264313651,-0.0724536293595041,0.131290491566493,0.136935570320132,0.0106602233911784,NA,5,"123:127",7080,1416,12.6,5.98331012066064,5,"123:127",450,90
"37",41589,2018-03-21 07:00:00,-35.0746615848363,-6.18628705710588,-3904.49346737037,-685.394984095796,0.068608702452006,0.0757730309520372,-0.0241451290368475,-0.0209699948068964,0.124316007249056,0.128880636664465,0.00286961476538036,NA,2,"128:129",5850,2925,15.5,0.707106781186548,2,"128:129",270,135
"38",41589,2018-03-21 09:00:00,-35.0744761193762,-6.18655709531448,-3904.47282144979,-685.425020613424,0.118613833251187,0.128977058215532,0.0183102964031634,-0.00696557142316474,0.167773303648142,0.170356383866674,0.00191926098863533,NA,2,"130:131",6930,3465,16.5,0,2,"130:131",230,115
"39",41589,2018-03-21 11:00:00,-35.0742443657009,-6.18661582737855,-3904.44702274867,-685.431553419441,0.115134899382866,0.12599411310586,0.0132089031643271,-0.00273138057274804,0.164697114812887,0.166793414344344,0.000764526887352737,NA,2,"132:133",6840,3420,16,0.707106781186548,2,"132:133",280,140
"40",41589,2018-03-21 13:00:00,-35.0741048014934,-6.18652140112571,-3904.43148653215,-685.421050325751,0.0844210304919747,0.0924543683022177,0.00223403820249888,0.00998085775754749,0.128674243897712,0.132252072883855,0.0091007318876769,NA,2,"134:135",6590,3295,15,0,2,"134:135",240,120
"41",41589,2018-03-21 15:00:00,-35.0742086521504,-6.18649705514376,-3904.44304713441,-685.418342306608,0.0814660038569612,0.0887769968893106,0.00272874343367754,-0.00341054592074023,0.120800042671526,0.125687957001288,0.0135516261698597,NA,3,"136:138",10300,3433.33333333333,14.3333333333333,0.288675134594813,2,"136:137",270,135
"42",41589,2018-03-21 17:00:00,-35.0743006165824,-6.18635715114262,-3904.45328456816,-685.402780697534,0.0800056526399964,0.0873621658372296,0.00210348691843519,0.0143264464724156,0.1186056266433,0.123582740008466,0.0166297010985696,NA,2,"139:140",6350,3175,15,0.707106781186548,2,"138:139",240,120
"43",41589,2018-03-21 19:00:00,-35.0741652463856,-6.18664627760618,-3904.43821522678,-685.434940418528,0.0742159621100521,0.0819569926860076,0.0128551762864836,-0.0217519803089721,0.108171421640391,0.114729195444331,0.00941239132746231,NA,2,"141:142",6310,3155,16,0,2,"140:141",300,150
"44",41589,2018-03-21 21:00:00,-35.0746640592967,-6.18483360779194,-3904.49374282604,-685.233316293078,0.0621125349263078,0.069138972013487,-0.0503412380790906,0.193331869015213,0.0921465509636074,0.099372261540007,0.142994405935779,NA,4,"143:146",7030,1757.5,17.5,0.707106781186548,4,"142:145",530,132.5
"45",41589,2018-03-21 23:00:00,-35.0762184830236,-6.18243352944226,-3904.66678048379,-684.966355514484,0.0831939637525921,0.0906340296377332,-0.133021232412299,0.0730379435254129,0.124999456524222,0.127229049932571,0.0671727317345234,NA,4,"147:150",6080,1520,14.5,1.63299316185545,4,"146:149",410,102.5
"46",41589,2018-03-22 01:00:00,-35.0781291908282,-6.18314165949128,-3904.87947950366,-685.045120710981,0.0774532069791214,0.0861056352981816,-0.0828002926524196,-0.23314449423006,0.12866150752352,0.136522244882367,0.200567473816618,NA,4,"151:154",6750,1687.5,12.5,0.816496580927726,4,"150:153",380,95
"47",41589,2018-03-22 03:00:00,-35.0755690937191,-6.18943172893687,-3904.59449079709,-685.744768860201,0.0679091252662748,0.076083087879018,0.0561398826976177,-0.245042282395833,0.124217388652408,0.128797338522455,0.182042298418427,NA,5,"155:159",6860,1372,12.3,1.20415945787923,5,"154:158",410,82
"48",41589,2018-03-22 05:00:00,-35.0752212162061,-6.18538880931549,-3904.55576524949,-685.295071548149,0.067777159393722,0.0758623564761715,-0.0231402134296027,0.238409954053287,0.0720782022997719,0.0787802572851881,0.121766264618528,NA,4,"160:163",6430,1607.5,14.625,0.478713553878169,5,"159:163",450,90
"49",41589,2018-03-22 07:00:00,-35.0742954682047,-6.18684882241501,-3904.45271145337,-685.457469617443,0.0777633084356833,0.0865065716001781,0.0151586324489272,-0.0658803190738545,0.150615650556703,0.153946900732913,0.00523105664327656,NA,3,"164:166",8740,2913.33333333333,15.6666666666667,0.288675134594813,2,"164:165",230,115
"50",41589,2018-03-22 09:00:00,-35.0743253844339,-6.18660013208356,-3904.45604171277,-685.429807621413,0.157404326979533,0.167704730754792,-0.00306205320701326,0.0110916981593037,0.192484005319512,0.194042832661525,0.00438993123708295,NA,1,"167",3520,3520,16,NA,2,"166:167",310,155
"51",41589,2018-03-22 11:00:00,-35.0743727667982,-6.18659307297691,-3904.46131629344,-685.429022432333,0.118897420027687,0.1269723226806,-0.00263694609177307,0.000392707972156895,0.0820749580693964,0.086774579409183,0.0107074323291858,NA,2,"168:169",7360,3680,16.25,0.353553390593274,2,"168:169",300,150
"52",41589,2018-03-22 13:00:00,-35.0741405486732,-6.18659836400202,-3904.43546589001,-685.429610956537,0.0866145545471819,0.0941132315525058,0.00759978278143785,0.00117937914147743,0.129688648399856,0.133800269180196,0.0122545621106048,NA,2,"170:171",7210,3605,15.25,0.353553390593274,2,"170:171",250,125
"53",41589,2018-03-22 15:00:00,-35.0741426237078,-6.18653947502932,-3904.43569688181,-685.42306069769,0.0869054965154115,0.0948944487276105,-0.00261686370544172,0.000356091459677576,0.131961504762674,0.135532608607522,0.0059338317178276,NA,2,"172:173",6910,3455,14.5,0,2,"172:173",280,140
"54",41589,2018-03-22 17:00:00,-35.0742740678211,-6.18654503563895,-3904.45032917357,-685.423679207896,0.120008837051586,0.126812472922431,-0.00670475015844971,0.00162607660252255,0.0948236409315625,0.100122029223588,0.00593834872523338,NA,2,"174:175",6820,3410,14.5,0,2,"174:175",260,130
"55",41589,2018-03-22 19:00:00,-35.0736620537783,-6.1870045542073,-3904.38220008196,-685.474791778163,0.217108405847592,0.22283136186175,0.0472507535721736,-0.0347110783114262,0.157141649489415,0.160003602530514,0.0494060380361119,NA,3,"176:178",9430,3143.33333333333,15.3333333333333,0.288675134594813,2,"176:177",290,145
"56",41589,2018-03-22 21:00:00,-35.0748704419912,-6.18541329182426,-3904.5167172425,-685.297794747475,0.0983440866140351,0.105963403167991,-0.130118856622336,0.152063537875353,0.146434234005383,0.150332237043082,0.120553320060635,NA,3,"179:181",4890,1630,16.5,0,4,"178:181",480,120
"57",41589,2018-03-22 23:00:00,-35.077416874451,-6.18461644609356,-3904.80018480727,-685.209161341082,0.0845113547062688,0.091861820732405,-0.0229954316410332,-0.0917687433595047,0.125079367657296,0.12836475775877,0.128587455947221,NA,4,"182:185",6690,1672.5,15.625,0.853912563829966,4,"182:185",440,110
"58",41589,2018-03-23 01:00:00,-35.0745402100527,-6.18715825923928,-3904.47995599127,-685.491888505925,0.066387163845251,0.0734346469763639,-0.0599786854999303,0.126105805134282,0.124378904548257,0.130272423498196,0.0618269592526552,NA,4,"186:189",7280,1820,15,1.08012344973464,4,"186:189",530,132.5
"59",41589,2018-03-23 03:00:00,-35.0736485338152,-6.18959057983329,-3904.38069504655,-685.762438048704,0.147253715254336,0.156554853511833,0.0675962459159515,-0.155782339691568,0.182802877548246,0.184702030487612,0.0659925927156099,NA,3,"190:192",6050,2016.66666666667,14.3333333333333,1.25830573921179,3,"190:192",360,120
"60",41589,2018-03-23 05:00:00,-35.073530807478,-6.1894690981161,-3904.36758981064,-685.748925481345,0.103707529429712,0.11526752374879,-0.00109037461479705,0.0180374684654457,0.153904665368891,0.156244467972714,0.0157213101722215,NA,4,"193:196",7980,1995,14.5,0.707106781186548,3,"193:195",460,153.333333333333
"61",41589,2018-03-23 07:00:00,-35.0743963269078,-6.18702508688414,-3904.46393899284,-685.477075643154,0.0627915803267472,0.0701958386249367,-0.0511167809960449,0.191304968413375,0.116891345186586,0.122450845892745,0.070833439186812,NA,2,"197:198",5760,2880,15.25,0.353553390593274,3,"196:198",460,153.333333333333
"62",41589,2018-03-23 09:00:00,-35.0741891429504,-6.1862281952251,-3904.4408753802,-685.388436854307,0.0871294708292055,0.0960340139954442,0.0242658060995233,0.00269774809617646,0.124623223426184,0.127654630658163,0.00368208517824395,NA,2,"199:200",7430,3715,16.25,0.353553390593274,2,"199:200",350,175
"63",41589,2018-03-23 11:00:00,-35.074065606549,-6.18651492142275,-3904.42712337091,-685.420329584235,0.0832953158504166,0.0925365873969381,0.000830809980492584,-0.0204348481761941,0.103016528296152,0.109839112637822,0.000975847704740176,NA,2,"201:202",7220,3610,16,0,1,"201",130,130
"64",41589,2018-03-23 13:00:00,-35.0743351322202,-6.18668339730844,-3904.45712683137,-685.439069267982,0.151128383615387,0.157291151755453,-0.000905069923442053,-0.00228819309773475,0.144203441511741,0.146958701479817,0.0300451936095262,NA,2,"203:204",7040,3520,15.5,0,2,"202:203",240,120
"65",41589,2018-03-23 15:00:00,-35.0742462543014,-6.18663787240997,-3904.44723298671,-685.434005502939,0.0768761409082426,0.085788287890218,-0.000912967913945284,0.000606134394254792,0.105589834245283,0.114461760845464,0.0112148902926078,NA,2,"205:206",7170,3585,14.75,0.353553390593274,2,"204:205",290,145
"66",41589,2018-03-23 17:00:00,-35.0743896332167,-6.18636911568781,-3904.46319385456,-685.404111521176,0.0748498222641639,0.0834407863899765,-0.0228667265343803,0.0109878749278106,0.101667193114677,0.109318450127749,0.0270051395518268,NA,2,"207:208",7000,3500,14.5,0,2,"206:207",280,140
"67",41589,2018-03-23 19:00:00,-35.0740945688757,-6.18646287168778,-3904.43034744236,-685.414540059151,0.0790806341701706,0.0889837249670891,-0.00585091291718691,-0.0137282906942669,0.106456631306133,0.115512706803729,0.0473141629135678,NA,2,"209:210",6800,3400,15.25,0.353553390593274,2,"208:209",310,155
"68",41589,2018-03-23 21:00:00,-35.0745403811838,-6.18661386820144,-3904.4799750415,-685.431335498876,0.0689849017063581,0.0767960418396752,-0.0262726623019026,-0.00791134693343,0.0549063622017039,0.0610035933093357,0.0185153195665448,NA,3,"211:213",4770,1590,16.5,0.5,4,"210:213",500,125
"69",41589,2018-03-23 23:00:00,-35.074312637234,-6.18645692609907,-3904.45462270097,-685.413878727578,0.114735479042268,0.121561831610217,0.0130527399766192,0.0126074144142732,0.0803579637835758,0.0854356023570804,0.0169555585916442,NA,2,"214:215",7130,3565,16.25,0.353553390593274,2,"214:215",280,140
"70",41589,2018-03-24 01:00:00,-35.0738078911092,-6.18744283040327,-3904.39843461938,-685.523541586514,0.114365260398831,0.124453872913213,0.0509376630601474,-0.122908579515535,0.166048939512622,0.169416233884121,0.0694058747390846,NA,4,"216:219",8590,2147.5,15.25,0.645497224367903,3,"216:218",430,143.333333333333
"71",41589,2018-03-24 03:00:00,-35.0751995992299,-6.18761191351782,-3904.5533588587,-685.542348846193,0.0664851660810262,0.0741690928366492,-0.263651703622383,0.284105449917419,0.11723559641352,0.123090619010062,0.458399867196117,NA,4,"220:223",6920,1730,14,0.408248290463863,4,"219:222",480,120
"72",41589,2018-03-24 05:00:00,-35.0770811296598,-6.18460080817938,-3904.76280986807,-685.207421932221,0.0829921203660577,0.0896853938595932,0.176137551428522,-0.152906066748332,0.147261008828509,0.150091313963588,0.0863564308443628,NA,3,"224:226",7200,2400,14.5,1,3,"223:225",360,120
"73",41589,2018-03-24 07:00:00,-35.0744931288188,-6.18669125721624,-3904.47471493228,-685.439943530852,0.0755901997405903,0.0830410913116666,0.0561712366252305,0.0454562832499225,0.109819817886211,0.116995313826517,0.113927817261131,NA,2,"227:228",7050,3525,15,0,2,"226:227",330,165
"74",41589,2018-03-24 09:00:00,-35.0741068846283,-6.18642082967635,-3904.43171842567,-685.409863699934,0.0785212554582085,0.0862381398448347,-0.0017928643751842,-0.0159286234505737,0.114755976382239,0.120630216934663,0.0449801974531088,NA,2,"229:230",6970,3485,15.5,0,2,"228:229",310,155
"75",41589,2018-03-24 11:00:00,-35.0742126170704,-6.18658324926504,-3904.44348850729,-685.427929734414,0.128256941740295,0.136301430323279,-0.00363819662989132,-0.0011260482836739,0.161501858857527,0.163701335803863,0.00795087001601263,NA,2,"231:232",6570,3285,16,0,2,"230:231",280,140
"76",41589,2018-03-24 13:00:00,-35.0741982371414,-6.18664238388307,-3904.44188774091,-685.434507317103,0.0776269330510649,0.0857611929005723,0.00140764045719973,-0.0122020255163827,0.107040110388282,0.114625124304348,0.0144885193468051,NA,2,"233:234",7140,3570,15.75,0.353553390593274,2,"232:233",280,140
"77",41589,2018-03-24 15:00:00,-35.0742152471315,-6.18657133816283,-3904.44378128435,-685.426604854724,0.0793323977826273,0.087016565672737,-0.00330168709374358,0.0146489805421173,0.109050141539583,0.115420955000774,0.0138229004870785,NA,2,"235:236",7010,3505,15,0,2,"234:235",250,125
"78",41589,2018-03-24 17:00:00,-35.0743475533216,-6.18642820450545,-3904.45850954207,-685.410684006759,0.0793022656477014,0.0869703486204071,0.00134222838812059,-0.00111794024712052,0.112139715259139,0.11831951192265,0.0189980302976092,NA,2,"237:238",7060,3530,14.5,0,2,"236:237",260,130
"79",41589,2018-03-24 19:00:00,-35.0741983727057,-6.18651928802863,-3904.44190283186,-685.420815284607,0.0796244475440443,0.0871897471909979,0.0112051928241816,0.0100603087275156,0.116080365091087,0.121653612375821,0.0233598534688591,NA,2,"239:240",7200,3600,15,0,2,"238:239",310,155
"80",41589,2018-03-24 21:00:00,-35.0742392036036,-6.18649916858815,-3904.44644810663,-685.418577386374,0.0859992803164883,0.0937516434695984,0.00295772222027268,-0.010756093562581,0.120124594059513,0.125912229469554,0.0182735975783336,NA,1,"241",3590,3590,15.5,NA,2,"240:241",270,135
"81",41589,2018-03-24 23:00:00,-35.0740016936594,-6.18650134337069,-3904.42000862058,-685.418819288823,0.119583803522424,0.12679247268915,0.0146402553140972,0.00415279302050225,0.0859457370529549,0.0913875403743494,0.0180103167690848,NA,2,"242:243",7040,3520,15.75,0.353553390593274,2,"242:243",280,140
"82",41589,2018-03-25 01:00:00,-35.0741982107634,-6.18628412678262,-3904.44188480453,-685.394658154204,0.120277523604774,0.126823464816465,-0.0189793430017886,0.0138837510428774,0.0941246999307807,0.0996232583793798,0.0267124030631113,NA,5,"244:248",8230,1646,15.2,1.03682206766639,5,"244:248",390,78
"83",41589,2018-03-25 03:00:00,-35.0771835016286,-6.18418148285268,-3904.77420586352,-685.160780297289,0.058216609248339,0.064530116229226,-0.0948366118914507,0.042723552265477,0.118181379736249,0.122425612054462,0.0136249123205068,NA,3,"249:251",6620,2206.66666666667,15.3333333333333,0.288675134594813,3,"249:251",380,126.666666666667
"84",41589,2018-03-25 05:00:00,-35.0745459807809,-6.18646942940389,-3904.48059838579,-685.415269478049,0.0628122482583009,0.0693715119835281,0.0897288583082871,-0.00442102672462625,0.0978765278781825,0.102336039938251,0.0129959983553706,NA,3,"252:254",6650,2216.66666666667,14.8333333333333,0.288675134594813,3,"252:254",440,146.666666666667
"85",41589,2018-03-25 07:00:00,-35.074523153874,-6.18620717204951,-3904.47805730614,-685.386098434348,0.0708921287766402,0.077481011049362,-0.0204348639210245,0.0172628061007945,0.0720294605529517,0.0779485283200925,0.0413711258684096,NA,3,"255:257",6050,2016.66666666667,14.6666666666667,0.288675134594813,3,"255:257",360,120
"86",41589,2018-03-25 09:00:00,-35.0742193141021,-6.18651791236947,-3904.44423401744,-685.420662269156,0.0909517191024799,0.0988556029287808,0.0141183485199008,-0.022965484299931,0.134251081929329,0.136975189016679,0.00509506279505008,NA,2,"258:259",7160,3580,15.25,0.353553390593274,2,"258:259",260,130
"87",41589,2018-03-25 11:00:00,-35.0743114032942,-6.18659294134964,-3904.45448533942,-685.429007791343,0.084980828633658,0.0928012893976448,-0.00415152571503609,0.00188309341830166,0.131889505920793,0.135394781206903,0.0107386744778599,NA,3,"260:262",7460,2486.66666666667,11,7.79422863405995,3,"260:262",240,80
"88",41589,2018-03-25 13:00:00,-35.0741333956863,-6.18637734833405,-3904.43466962315,-685.405027243444,0.0846819090156691,0.0934258073419833,0.00595458953718409,0.0109627519756328,0.121027646102103,0.124827212013228,0.00536111872584488,NA,2,"263:264",7300,3650,16.25,0.353553390593274,2,"263:264",270,135
"89",41589,2018-03-25 15:00:00,-35.074122160602,-6.18659404316122,-3904.43341893929,-685.42913034657,0.082813286332598,0.091997566512015,0.00322320091229121,-0.0115572275697171,0.100529148835249,0.107131642381829,0.000641958695190034,NA,2,"265:266",7100,3550,15.5,0,1,"265",120,120
"90",41589,2018-03-25 17:00:00,-35.0742980188953,-6.18638636701441,-3904.45299539495,-685.406030396784,0.0865088957182025,0.0970215225753298,-0.0108145027502089,0.0197915175623396,0.105038367947966,0.114386330486738,0.0166138064313305,NA,3,"267:269",5930,1976.66666666667,14.5,1.3228756555323,4,"266:269",340,85
"91",41589,2018-03-25 19:00:00,-35.0740373592777,-6.18632692136791,-3904.42397889905,-685.399418221439,0.111303509817727,0.123654804938906,0.0184987598742647,0.0192169846642323,0.156448821083735,0.158899397868328,0.0193034452454062,NA,3,"270:272",8240,2746.66666666667,15,0.5,2,"270:271",340,170
"92",41589,2018-03-25 21:00:00,-35.0742348801803,-6.18414954940374,-3904.44596682534,-685.157228335298,0.0733163372704799,0.080723285780778,-0.0109998760546369,0.121092711742914,0.0597743852549411,0.0654973705727881,0.106060517109224,NA,4,"273:276",7190,1797.5,15.875,0.478713553878169,4,"272:275",480,120
"93",41589,2018-03-25 23:00:00,-35.0744295263143,-6.18444556553743,-3904.46763473386,-685.190154259598,0.125840382392942,0.131571672770374,0.191326720967911,-0.128569170886017,0.134360069038306,0.136846723910488,0.407060660639722,NA,2,"277:278",4990,2495,16.5,0,3,"276:278",440,146.666666666667
"94",41589,2018-03-26 01:00:00,-35.0772820340386,-6.18408657547582,-3904.78517444122,-685.150223737119,0.0708284436847661,0.0774428765557452,-0.364038603127256,0.110681873164475,0.121944448735947,0.12564785625351,0.039821305534316,NA,4,"279:282",7040,1760,13.625,1.88745860881769,4,"279:282",380,95
"95",41589,2018-03-26 03:00:00,-35.0782581021389,-6.18613044683003,-3904.89382984512,-685.377564244684,0.104026075895011,0.110392492746828,0.0716125815425357,-0.319169041568856,0.147881079412137,0.151096492133146,0.163081106110069,NA,4,"283:286",7030,1757.5,14.25,1.04083299973307,4,"283:286",460,115
"96",41589,2018-03-26 05:00:00,-35.0755762520066,-6.18659248860585,-3904.59528765401,-685.428957432355,0.0638637549138629,0.0704902347114761,0.15877502907567,0.254652511084795,0.130110343297975,0.136048872078324,0.0286431134870768,NA,2,"287:288",5730,2865,16,0.707106781186548,2,"287:288",350,175
"97",41589,2018-03-26 07:00:00,-35.0749057433354,-6.18596193457951,-3904.52064697016,-685.358820535921,0.0930147436477911,0.100716512780324,0.0495734510345702,-0.0511965302275459,0.132667245780187,0.136218548718212,0.0411829847540024,NA,2,"289:290",7480,3740,14.75,0.353553390593274,2,"289:290",280,140
"98",41589,2018-03-26 09:00:00,-35.0741942516019,-6.1866684701518,-3904.44144407269,-685.437408910271,0.249643951357415,0.25454126295093,0.0241951487554274,-0.0233698554359082,0.181602090656346,0.182994430343215,0.063288743722178,NA,2,"291:292",7120,3560,14.75,0.353553390593274,2,"291:292",280,140
"99",41589,2018-03-26 11:00:00,-35.0742940607249,-6.18648376646796,-3904.45255477343,-685.416864198754,0.103851827593762,0.115799889682188,-0.00430624949386229,0.00974834650497379,0.177731190554268,0.179130760510082,0.00153242842798577,NA,2,"293:294",7060,3530,15.5,0,2,"293:294",300,150
"100",41589,2018-03-26 13:00:00,-35.074202951475,-6.18644472271649,-3904.44241253813,-685.412521337682,0.0889216040138225,0.0987341298267514,0.00479159599620406,-0.000427633254437092,0.121312859730334,0.123916651653322,0.00287921857734109,NA,2,"295:296",7350,3675,16,0,2,"295:296",250,125
"101",41589,2018-03-26 15:00:00,-35.0741492230483,-6.18647168117016,-3904.43643151703,-685.415519943432,0.0836810219962407,0.0927274018152621,0.0016991667621737,0.00431723269193505,0.113370313682909,0.119186743880889,0.00147341186821836,NA,2,"297:298",7260,3630,16.25,0.353553390593274,1,"297",150,150
"102",41589,2018-03-26 17:00:00,-35.0742135797426,-6.18658640952365,-3904.44359567147,-685.42828125205,0.0786416397509444,0.0875175867440925,0.00415640707494327,-0.00229815973766379,0.0965592827979839,0.104524813707684,0.0174962916461384,NA,2,"299:300",7120,3560,15.25,0.353553390593274,2,"298:299",320,160
"103",41589,2018-03-26 19:00:00,-35.0742752139099,-6.18642072959898,-3904.45045675559,-685.409852568266,0.0757655867154071,0.0842840572174996,-0.00729608276619879,0.00972100080464445,0.0953002926713098,0.102988207405823,0.00725735068606895,NA,2,"301:302",7200,3600,15,0.707106781186548,2,"300:301",310,155
"104",41589,2018-03-26 21:00:00,-35.0744314471827,-6.18644078409569,-3904.46784856396,-685.412083242425,0.217481525947404,0.224407334364304,-0.0128100780684798,-0.0039052844118966,0.199551040262604,0.201139604561763,0.00941058892649508,NA,3,"303:305",6390,2130,15.1666666666667,0.577350269189626,3,"302:304",310,103.333333333333
"105",41589,2018-03-26 23:00:00,-35.0746654558016,-6.1864478454428,-3904.49389828425,-685.412868680484,0.0868008171256573,0.0975672035367236,-0.0130243541554957,-0.000392325588091776,0.10764386143398,0.110938185375519,0.00351948773818223,NA,2,"306:307",7220,3610,15,0.707106781186548,2,"305:306",260,130
"106",41589,2018-03-27 01:00:00,-35.0745537192629,-6.18627830225148,-3904.48145982966,-685.394010288166,0.0746181425014496,0.083002309541311,0.0065284990366288,0.000652674697931136,0.0989855080079132,0.106595867528904,0.016220621794468,NA,3,"308:310",5990,1996.66666666667,15.6666666666667,0.763762615825973,4,"307:310",460,115
"107",41589,2018-03-27 03:00:00,-35.0745960576751,-6.18589578117766,-3904.48617292015,-685.351462258911,0.0703730056587201,0.0769678505679281,0.0317746303945346,0.0147768962278677,0.128063273792136,0.13272184307017,0.0129625907160261,NA,4,"311:314",7150,1787.5,16,0.707106781186548,3,"311:313",330,110
"108",41589,2018-03-27 05:00:00,-35.0751743073074,-6.18534453084145,-3904.55054337477,-685.29014643595,0.0722789112071192,0.0802493249631529,-0.0808813453315979,0.0854337930673917,0.133962249529224,0.138803155432007,0.00350783862810876,NA,2,"315:316",7460,3730,16,0.707106781186548,2,"314:315",240,120
"109",41589,2018-03-27 07:00:00,-35.0744457793398,-6.18639634959715,-3904.46944401239,-685.407140765594,0.128446735917405,0.1346266241541,0.0228357872286335,-0.0444048270911896,0.122364178350397,0.126057221607871,0.0445034941276605,NA,2,"317:318",6230,3115,15,0,3,"316:318",350,116.666666666667
"110",41589,2018-03-27 09:00:00,-35.0742183239928,-6.18661693179512,-3904.44412379898,-685.431676264428,0.0832994891628788,0.0921522355959653,0.0132143300485416,-0.0030237574754999,0.115963036337901,0.121798055298118,0.00097286695725134,NA,2,"319:320",6860,3430,14.75,0.353553390593274,2,"319:320",260,130
"111",41589,2018-03-27 11:00:00,-35.0740934382755,-6.18663312494293,-3904.43022158452,-685.433477439016,0.148843925705765,0.154732252048303,0.00908134762834669,-0.00204005187518937,0.129791691438224,0.133121615313184,0.00527000288767834,NA,2,"321:322",7680,3840,15,0,1,"321",170,170
"112",41589,2018-03-27 13:00:00,-35.0740660957505,-6.18645718094106,-3904.42717782857,-685.413907073813,0.0783875863310834,0.0876507960943237,-0.00311611746001205,0.0160266102103516,0.0980120301619979,0.107171369026896,0.0158162627199781,NA,2,"323:324",7880,3940,15.75,0.353553390593274,2,"322:323",290,145
"113",41589,2018-03-27 15:00:00,-35.0771644091301,-6.18770715897322,-3904.77208049631,-685.552943082475,0.0816563543876341,0.0891346347473328,-0.318150310519036,-0.102331950646979,0.111482138634963,0.116053212666968,0.2236898147218,NA,1,"325",3720,3720,16.5,NA,2,"324:325",320,160
"114",41589,2018-03-27 17:00:00,-35.0745876681916,-6.18646180583061,-3904.48523900712,-685.414421503187,0.0844317035435379,0.0916159244930055,0.150563320789911,0.0625305301353725,0.120024790524013,0.12494659289534,0.139503178098337,NA,2,"326:327",7060,3530,16,0.707106781186548,2,"326:327",250,125
"115",41589,2018-03-27 19:00:00,-35.0744096217575,-6.18642559967592,-3904.46541896874,-685.410394269952,0.0846596259073095,0.0920189440559486,-0.00580537028225478,-0.0099981522497975,0.123274409430582,0.127853238060643,0.00938393700728623,NA,2,"328:329",7180,3590,15,0.707106781186548,2,"328:329",260,130
"116",41589,2018-03-27 21:00:00,-35.0745006860773,-6.18632140880455,-3904.47555620245,-685.398805055706,0.0886624991708351,0.0963336441437165,-0.00438313114085772,0.0143247854114878,0.130440851038894,0.134673771641558,0.00537328889525822,NA,2,"330:331",7750,3875,14.5,0,2,"330:331",220,110
"117",41589,2018-03-27 23:00:00,-35.0745395796663,-6.1862488136133,-3904.47988581697,-685.390730249626,0.276720373842707,0.281924649491143,-0.00209002009523723,-0.00122985226770714,0.192446297061376,0.193966798479738,0.0166317410903162,NA,2,"332:333",7810,3905,14.5,0,1,"332",140,140
"118",41589,2018-03-28 01:00:00,-35.0743371537718,-6.18653247162115,-3904.45735186948,-685.422281704081,0.0886843487948019,0.10000926375138,0.0112672514785921,-0.0157755182382508,0.134818441083308,0.136737843570494,0.019748243021182,NA,2,"334:335",7770,3885,15.25,0.353553390593274,2,"333:334",230,115
"119",41589,2018-03-28 03:00:00,-35.0741856015049,-6.18652004037284,-3904.44048114829,-685.420898968337,0.0801416193485758,0.0899908478749328,-0.0231897393780933,0.0246342021527682,0.107095409738318,0.116421315874717,0.0672563749577182,NA,2,"336:337",7790,3895,16.25,0.353553390593274,2,"335:336",240,120
"120",41589,2018-03-28 05:00:00,-35.0744049649763,-6.18638265811016,-3904.46490057823,-685.405617853091,0.364413622086145,0.368947137780613,-0.0103215526449224,0.00511040824196977,0.202041518660442,0.203110570079986,0.0252172505907191,NA,1,"338",4040,4040,16,NA,2,"337:338",230,115
"121",41589,2018-03-28 07:00:00,-35.0744075812451,-6.18647472159234,-3904.46519181994,-685.415858131511,0.179800607037724,0.187315483934398,-0.00014573839739341,-0.00511992461040295,0.14910191246572,0.15039248510582,0.0144293764893203,NA,3,"339:341",7960,2653.33333333333,12.5,5.19615242270663,3,"339:341",210,70
"122",41589,2018-03-28 09:00:00,-35.0744014916697,-6.18647235124979,-3904.46451393151,-685.415594476813,0.0846999220677317,0.0935364460937021,0.000262039496563569,0.00306187793078746,0.122336998791861,0.127998139171908,0.00082342983980963,NA,2,"342:343",6690,3345,14.75,0.353553390593274,2,"342:343",140,70
"123",41589,2018-03-28 11:00:00,-35.0742879108654,-6.18645294756767,-3904.4518701742,-685.413436193032,0.0865549387170232,0.0949120199697002,0.00950450484081835,-0.00686920296537406,0.133890774227371,0.137589278790867,0.00344536182870784,NA,2,"344:345",7470,3735,14.5,0,2,"344:345",270,135
"124",41589,2018-03-28 13:00:00,-35.074343532235,-6.1866345097734,-3904.45806191675,-685.43363147463,0.0854632985025883,0.0949275099826187,-0.00858014974563277,-0.00345872879904464,0.113799486357404,0.119780657428275,0.00202815159923189,NA,2,"346:347",8000,4000,15.25,0.353553390593274,1,"346",120,120
"125",41589,2018-03-28 15:00:00,-35.0740979927364,-6.18649892901608,-3904.4307285848,-685.418550738621,0.0778592896842165,0.0864438030769985,0.0127610593681671,-0.00356743067958662,0.0975918839717162,0.105367816329958,0.020260809762281,NA,2,"348:349",7630,3815,16.5,0,2,"347:348",250,125
"126",41589,2018-03-28 17:00:00,-35.0745081840902,-6.18650611597507,-3904.47639087743,-685.419350148654,0.147228806335225,0.155056760007605,-0.0142334075685248,0.00665923824957278,0.172306442672558,0.174048647249628,0.0224876753541943,NA,1,"350",3470,3470,16.5,NA,2,"349:350",270,135
"127",41589,2018-03-28 19:00:00,-35.0742367124259,-6.18636401353525,-3904.44617078999,-685.403544005638,0.142246525619439,0.151584736667856,0.0151945812716501,-0.00140267489200701,0.18594500748841,0.187631022653412,0.0129859417985835,NA,2,"351:352",8090,4045,16,0.707106781186548,2,"351:352",270,135
"128",41589,2018-03-28 21:00:00,-35.0741104342683,-6.18662402768715,-3904.43211356979,-685.432465545206,0.0929267638111417,0.102802450329524,0.00300786555515328,-0.00625465874330376,0.137737843875892,0.140038057447593,0.0104456136338649,NA,2,"353:354",8010,4005,14.75,0.353553390593274,1,"353",160,160
"129",41589,2018-03-28 23:00:00,-35.0741517239356,-6.18654159421961,-3904.43670991453,-685.423296416598,0.166845342679529,0.172919829473319,0.00337654550162107,-0.00698892471875492,0.147385833119254,0.150259705951184,0.0271314198929845,NA,2,"355:356",7460,3730,14.5,0,2,"354:355",250,125
"130",41589,2018-03-29 01:00:00,-35.0739558227093,-6.18679767395787,-3904.41490228978,-685.45178033842,0.0709540878397294,0.0784833054836806,0.0110169304439234,-0.01006999778747,0.103054533822064,0.110911496248364,0.00692523457995943,NA,3,"357:359",5880,1960,14.8333333333333,0.577350269189626,4,"356:359",360,90
"131",41589,2018-03-29 03:00:00,-35.0836996226374,-6.17488920418866,-3905.49957713616,-684.127208006744,0.0680295618571912,0.074963468945784,-0.840101851184375,1.03646145790744,0.103445696559406,0.106981198659827,0.0340254241723065,NA,4,"360:363",6920,1730,14.125,0.853912563829966,4,"360:363",320,80
"132",41589,2018-03-29 05:00:00,-35.0954964151579,-6.15315388445354,-3906.81279007253,-681.709678500316,0.0791836096853063,0.0869651649139765,-0.503713111663118,1.12046620852869,0.139181972367581,0.143563890793542,0.0457032182165935,NA,5,"364:368",7330,1466,13.7,3.01247406627841,4,"364:367",200,50
"133",41589,2018-03-29 07:00:00,-35.0882316559373,-6.14427199282208,-3906.00408077536,-680.721811368122,0.0805895990368947,0.0863778596881651,1.02300004774834,0.00611395224672877,0.148670931782721,0.145449803975112,0.678154069828663,NA,3,"369:371",6170,2056.66666666667,19,0,4,"368:371",390,97.5
"134",41589,2018-03-29 09:00:00,-35.0814197834892,-6.1641109617881,-3905.24578660309,-682.928376243867,0.0881211387093371,0.0981580179649165,0.317084108805287,-1.20973771949886,0.118366665882098,0.119448824708095,0.112377121258806,NA,4,"372:375",6500,1625,14.75,2.62995563967658,4,"372:375",210,52.5
"135",41589,2018-03-29 11:00:00,-35.0757871206703,-6.18751942747273,-3904.61876144628,-685.532061543413,0.106580475951866,0.114120582015661,0.411716044297994,-0.896442754258049,0.187709790947585,0.189920095013173,0.190745949982884,NA,2,"376:377",7370,3685,14.25,0.353553390593274,2,"376:377",230,115
"136",41589,2018-03-29 13:00:00,-35.0742580221082,-6.18692881170318,-3904.44854297298,-685.466366883599,0.090012539363276,0.100028952064903,0.0698267347747986,0.0304144344991278,0.124763431004383,0.12664001876562,0.0172001017712313,NA,2,"378:379",8160,4080,15.25,0.353553390593274,1,"378",130,130
"137",41589,2018-03-29 15:00:00,-35.0740661721513,-6.18663133578646,-3904.42718633346,-685.433278429949,0.0779503921970425,0.0869470026183953,0.0138399201603328,0.0140524227076264,0.0885358108671898,0.0965563885708131,0.00877714206167048,NA,2,"380:381",7660,3830,16.25,0.353553390593274,2,"379:380",230,115
"138",41589,2018-03-29 17:00:00,-35.0740644934336,-6.18658499822729,-3904.42699945946,-685.428124272631,0.0797368978236144,0.0879485246055613,0.007239157113837,-0.00113037885341432,0.102210647209513,0.109535305544066,0.0151421154991887,NA,1,"382",4050,4050,16.5,NA,2,"381:382",260,130
"139",41589,2018-03-29 19:00:00,-35.0748370556203,-6.1869326338422,-3904.51300068869,-685.466792022911,0.0935263851893347,0.100888592733141,-0.0571915010980715,-0.0332878728300154,0.129782665487331,0.133500760042627,0.0183813618422892,NA,2,"383:384",8180,4090,16,0.707106781186548,2,"383:384",250,125
"140",41589,2018-03-29 21:00:00,-35.0720628456467,-6.18590677547098,-3904.20417704708,-685.352685159763,0.0606546550526447,0.0676220543975572,0.382938558984634,0.165411098788187,0.108127265841407,0.11199203192014,0.189266318042102,NA,5,"385:389",7700,1540,17.5,1.2747548783982,4,"385:388",460,115
"141",41589,2018-03-29 23:00:00,-35.0514670430849,-6.17800061722725,-3901.91146279343,-684.47328579773,0.0616463685391988,0.0684793110682418,1.49503478520106,0.303360266888047,0.115008381175945,0.120134745561761,0.165043826771063,NA,4,"390:393",5480,1370,14,7.14142842854285,5,"389:393",360,72
"142",41589,2018-03-30 01:00:00,-35.0352443818831,-6.18909169331305,-3900.10556440912,-685.706946280682,0.102190510997074,0.107698370076352,0.278239391650996,-1.12262749748219,0.122374523790281,0.124013620863847,0.973198513337258,NA,5,"394:398",8370,1674,17.8,1.8907670401189,4,"394:397",320,80
"143",41589,2018-03-30 03:00:00,-35.0268628957555,-6.2127732658578,-3899.17254164131,-688.341135674991,0.0565436426430495,0.0624866969262377,0.726641909372541,-1.34565911127591,0.112023380376141,0.116300063365648,0.0589399814793962,NA,4,"399:402",6020,1505,21.375,0.25,5,"398:402",410,82
"144",41589,2018-03-30 05:00:00,-35.0209923108014,-6.24142335374338,-3898.51903111356,-691.528152086556,0.0737431703764768,0.0808594579020044,-0.0347869337136243,-1.69809644777842,0.131702929074934,0.135968949054678,0.0309459792676359,NA,4,"403:406",6710,1677.5,20.625,0.629152869605896,4,"403:406",310,77.5
"145",41589,2018-03-30 07:00:00,-35.0274634681674,-6.25738731271649,-3899.23939705639,-693.304048656125,0.080978553253169,0.0875717922288759,-0.335918966806791,-0.0450318897835005,0.1394151352079,0.146086450495631,0.0879974584871198,NA,2,"407:408",6530,3265,20.75,0.353553390593274,2,"407:408",250,125
"146",41589,2018-03-30 09:00:00,-35.0282797375791,-6.24837855559253,-3899.33026375165,-692.301870647712,0.0882418843898641,0.096445642287015,-0.12746336833887,0.527369139144102,0.139483270014,0.143053377487225,0.0324126057804476,NA,3,"409:411",8050,2683.33333333333,17,0.866025403784439,2,"409:410",190,95
"147",41589,2018-03-30 11:00:00,-35.0287274619697,-6.22741541165395,-3899.38010420282,-689.969896063617,0.0663195986550642,0.0734308868839868,0.107244627522675,1.6927908955714,0.121023886224643,0.127707379481163,0.299140831721842,NA,3,"412:414",6650,2216.66666666667,16.5,2.29128784747792,3,"411:413",390,130
"148",41589,2018-03-30 13:00:00,-35.0343956588096,-6.20599671404991,-3900.01108498876,-687.587342367603,0.0665665442620307,0.0738840790089133,-0.424064246287275,0.772281369267555,0.115273743480131,0.125092711769877,0.286182646012673,NA,3,"415:417",6730,2243.33333333333,17,1.80277563773199,3,"414:416",380,126.666666666667
"149",41589,2018-03-30 15:00:00,-35.0511807605027,-6.18051962093771,-3901.87959396215,-684.75347230034,0.0692885406624004,0.0763697100795038,-1.06563347720466,1.65341030012462,0.11020930377655,0.116210345058588,0.186657370676382,NA,4,"418:421",7740,1935,19.625,0.478713553878169,4,"417:420",400,100
"150",41589,2018-03-30 17:00:00,-35.0760265514662,-6.15570388084133,-3904.64541476056,-681.993298833145,0.0636922181509266,0.0700564587169314,-1.63510317464103,0.762921461962233,0.115493085149989,0.12066791608073,0.420868686802244,NA,4,"422:425",6320,1580,12.5,7.64852927038918,4,"421:424",190,47.5
"151",41589,2018-03-30 19:00:00,-35.0969135567386,-6.15701177744993,-3906.97054555168,-682.138768621989,0.0529803164971106,0.0567040813336827,-0.231167430349484,-0.370770374133497,0.112334274116096,0.117289235305665,0.523241204757164,NA,5,"426:430",6950,1390,12.4,3.78153408023781,5,"425:429",280,56
"152",41589,2018-03-30 21:00:00,-35.0894760399328,-6.15676607996095,-3906.14260496809,-682.1114410811,0.0684678736275212,0.0673691498206769,-0.0148319517300808,0.550287438742252,0.111371952388083,0.116220566092268,0.764286996293714,NA,3,"431:433",3090,1030,11.3333333333333,5.83809329604567,4,"430:433",6150,1537.5
"153",41589,2018-03-30 23:00:00,-35.0974703824068,-6.1464985544322,-3907.03253110153,-680.969453782733,0.12967679894242,0.127015261155541,-0.00758494774453613,0.349641727130049,0.122456947143378,0.124389961561047,0.851412256374476,NA,8,"434:441",4490,561.25,12.75,4.64450520200253,7,"434:440",390,55.7142857142857
"154",41589,2018-03-31 01:00:00,-35.0791548538216,-6.15506743373817,-3904.99365578581,-681.922510627547,0.0693215214981338,0.0729553065263736,0.997185278323573,-1.28216654564926,0.125222598021239,0.13161422216608,0.467562332913989,NA,5,"442:446",6110,1222,15.9,1.29421791055448,6,"441:446",310,51.6666666666667
"155",41589,2018-03-31 03:00:00,-35.0755826575305,-6.18258671478583,-3904.59600071367,-684.983394287643,0.0927696328370879,0.101010749147469,0.165185148525711,-1.17362957747026,0.123631420264456,0.127802442672633,0.566858598132154,NA,2,"447:448",6350,3175,15,0.707106781186548,2,"447:448",230,115
"156",41589,2018-03-31 05:00:00,-35.0740760943825,-6.18708131871975,-3904.4282908712,-685.483330352715,0.081935781485076,0.0895370636283599,0.0282695910346026,-0.0229008871248673,0.1254044085598,0.129814010244485,0.0521895257001394,NA,2,"449:450",6950,3475,16.25,0.353553390593274,2,"449:450",280,140
"157",41589,2018-03-31 07:00:00,-35.0741230298861,-6.18666241098978,-3904.43351570755,-685.436734945601,0.074718368161377,0.0820941390956262,-0.009607259820196,0.020252121069116,0.118916507785085,0.12339115548636,0.00823701420610688,NA,3,"451:453",8210,2736.66666666667,16.3333333333333,0.288675134594813,2,"451:452",300,150
"158",41589,2018-03-31 09:00:00,-35.0741920200238,-6.18667568815621,-3904.44119565455,-685.438211773769,0.0755090072294682,0.0834233586633796,0.0142151207965038,-0.00867692539103517,0.108045579123004,0.114534295706751,0.000204563984217171,NA,2,"454:455",5900,2950,15.75,0.353553390593274,3,"453:455",350,116.666666666667
"159",41589,2018-03-31 11:00:00,-35.074262122787,-6.18648003128715,-3904.44899945845,-685.416448732224,0.0811186578736621,0.0884556391625185,-0.0196317963662474,0.0159814098428448,0.128646264988496,0.132269247748207,0.00325939402661019,NA,3,"456:458",9520,3173.33333333333,14.3333333333333,0.288675134594813,2,"456:457",230,115
"160",41589,2018-03-31 13:00:00,-35.0742076474357,-6.18650676476558,-3904.44293529008,-685.419422314038,0.0789082772295488,0.0862125918497865,0.0158801262691111,-0.00630816581919398,0.117917813034365,0.123126275859074,0.00703824875521015,NA,2,"459:460",6990,3495,14.25,0.353553390593274,2,"458:459",280,140
"161",41589,2018-03-31 15:00:00,-35.0741978626809,-6.18648136514151,-3904.44184605616,-685.416597097691,0.083298117795192,0.090704988867914,-0.00382220632758673,0.0114081781601275,0.11422722081286,0.119973367458989,0.0135929709637624,NA,1,"461",3750,3750,15.5,NA,2,"460:461",290,145
"162",41589,2018-03-31 17:00:00,-35.0742556782845,-6.18625273323712,-3904.44828205971,-685.391166231674,0.0888641886959175,0.0963861653389641,0.00177076985657214,0.00919169195255502,0.128309836304239,0.132079469831125,0.00785263520353106,NA,2,"462:463",7120,3560,16.25,0.353553390593274,2,"462:463",320,160
"163",41589,2018-03-31 19:00:00,-35.0743478524947,-6.18643003847017,-3904.45854284586,-685.410887999797,0.121332899601991,0.131601320203757,-0.0105097809677046,-0.0134727876891605,0.172792045963073,0.175873161187173,0.0029394507030793,NA,2,"464:465",7230,3615,16.5,0,2,"464:465",250,125
"164",41589,2018-03-31 21:00:00,-35.0744099986986,-6.18642754242405,-3904.46546092963,-685.410610363033,0.088822332526128,0.0976955520814954,0.00668844760431787,0.00488004414161455,0.133550600807847,0.136387138484339,0.0133098222375682,NA,2,"466:467",7170,3585,16,0.707106781186548,2,"466:467",260,130
"165",41589,2018-03-31 23:00:00,-35.0741321899359,-6.18644179623317,-3904.43453539963,-685.412195823112,0.111321843930293,0.118529982173741,0.0105901287286805,-0.00750527359965696,0.0925942153503131,0.0984682750955668,0.0226144965189857,NA,2,"468:469",6190,3095,14.25,0.353553390593274,2,"468:469",320,160
"166",41589,2018-04-01 01:00:00,-35.0741700680205,-6.1866542555914,-3904.43875196872,-685.435827815165,0.282121132394847,0.287317232103112,-0.00527985413662539,-0.0123019335740895,0.192615938916317,0.194333214292741,0.01100249639137,NA,3,"470:472",8670,2890,14,0.5,2,"470:471",280,140
"167",41589,2018-04-01 03:00:00,-35.0742863764826,-6.18667741681281,-3904.4516993675,-685.438404053408,0.0845314580430494,0.0943037599343777,-0.00647340781800995,-0.00128784382105768,0.131082209761615,0.132639717200957,0.0110785713644941,NA,3,"473:475",7850,2616.66666666667,15,0.5,3,"472:474",420,140
"168",41589,2018-04-01 05:00:00,-35.0742099779385,-6.18643585744568,-3904.44319472047,-685.411535248069,0.0727640750387228,0.079956426802863,0.00415528967270471,0.0149114293249554,0.118409623225868,0.123686217209016,0.0040291014392716,NA,2,"476:477",5720,2860,16.5,0,2,"475:476",330,165
"169",41589,2018-04-01 07:00:00,-35.0743081886891,-6.18630316233056,-3904.45412749122,-685.396775489502,0.0727208041073454,0.0806853073684965,-0.0114791381525515,0.020458656623972,0.105497659167656,0.112502235332828,0.0273894642499376,NA,2,"478:479",5960,2980,16.5,0,3,"477:479",520,173.333333333333
"170",41589,2018-04-01 09:00:00,-35.074222339276,-6.18638526427632,-3904.44457077827,-685.405907738549,0.0830129254071608,0.0910228778733169,0.000576652049244016,-0.00814475114367304,0.129305192855505,0.132845062072937,0.00386651376485543,NA,2,"480:481",6380,3190,16,0.707106781186548,2,"480:481",330,165
"171",41589,2018-04-01 11:00:00,-35.0741662519028,-6.18655850850126,-3904.43832716044,-685.425177803107,0.112216310470482,0.122422481800456,5.0803396207018e-06,-0.00569992418959464,0.166329347339219,0.169740021055112,0.00629498427296807,NA,2,"482:483",6640,3320,14.75,0.353553390593274,2,"482:483",270,135
"172",41589,2018-04-01 13:00:00,-35.0741450180997,-6.18633958530942,-3904.4359634243,-685.400826839276,0.0844069387193232,0.092449247175094,-0.00283309915070835,0.00634410499219734,0.1284458234504,0.131936735526032,0.00885075958585189,NA,3,"484:486",9640,3213.33333333333,14.3333333333333,0.288675134594813,2,"484:485",310,155
"173",41589,2018-04-01 15:00:00,-35.0741579034352,-6.18624804853174,-3904.43739781328,-685.390645149153,0.0767724606179758,0.084202477682297,0.00430243601695287,0.000890836501086846,0.117508571958688,0.122831759402709,0.00963172564674207,NA,2,"487:488",6660,3330,15.5,0.707106781186548,2,"486:487",270,135
"174",41589,2018-04-01 17:00:00,-35.0743033901594,-6.18637784687553,-3904.45359332133,-685.405082696518,0.0777771611188909,0.0856651089567659,-0.00576489862446291,-0.0176916076856823,0.109371137617015,0.115993519638776,0.0178378101777891,NA,2,"489:490",6910,3455,16.5,0,2,"488:489",310,155
"175",41589,2018-04-01 19:00:00,-35.0743370324673,-6.1864734852516,-3904.45733836592,-685.415720612549,0.133004058368482,0.141568461276199,0.00523264290705347,-0.00666424230813939,0.167009481691956,0.169250242465169,0.0116175166010945,NA,2,"491:492",7590,3795,16.5,0,2,"490:491",300,150
"176",41589,2018-04-01 21:00:00,-35.0743567256487,-6.18655084705654,-3904.45953060084,-685.424325615638,0.0895559947307133,0.0973317662035839,-0.017203022456228,0.00387813208360143,0.122126887477332,0.12907173476527,0.0267641457949079,NA,1,"493",3540,3540,16.5,NA,2,"492:493",210,105
"177",41589,2018-04-01 23:00:00,-35.0746612801393,-6.18640644750583,-3904.49343345166,-685.408263962204,0.535548745811674,0.545341506132028,-0.0145601937543612,0.00799827228561532,0.345093076369236,0.347843513516071,0.00924899703224271,NA,2,"494:495",7740,3870,15,0.707106781186548,2,"494:495",220,110
"178",41589,2018-04-02 01:00:00,-35.0747272605114,-6.1862685829746,-3904.50077835308,-685.39292920727,1.23920151755462,1.24986876047249,-0.00367248182025041,0.00766737420449179,0.428977563609542,0.430196925020528,0.0108927390816209,NA,2,"496:497",7600,3800,14,0,2,"496:497",280,140
"179",41589,2018-04-02 03:00:00,-35.0746359457033,-6.18614069000715,-3904.49061323514,-685.378703599011,1.90677635539803,1.91787201870871,0.00508252786319914,0.00711280086694061,0.4490415217828,0.449714658936827,0.00877255642011028,NA,2,"498:499",8210,4105,15,0.707106781186548,1,"498",130,130
"180",41589,2018-04-02 05:00:00,-35.0744256524956,-6.18602679044267,-3904.46720350234,-685.36603448794,2.46675603272558,2.47795614970896,0.0117048352959874,0.00633455227296177,0.439101465505642,0.43958182689694,0.00666788021850971,NA,1,"500",3850,3850,16,NA,2,"499:500",260,130
"181",41589,2018-04-02 07:00:00,-35.0741346976687,-6.1859309061229,-3904.43481455917,-685.35536922457,2.87598376516239,2.88723118015358,0.0161944404781145,0.00533262842255529,0.417003835447843,0.417455437768696,0.00460004414037466,NA,2,"501:502",8280,4140,16.5,0,2,"501:502",300,150
"182",41589,2018-04-02 09:00:00,-35.0738013980033,-6.1858570588909,-3904.39771181013,-685.347155159414,3.10840630597938,3.1198199958149,0.0185513434095802,0.00410702931572116,0.395883047878803,0.396363810487409,0.00265651738165301,NA,2,"503:504",7880,3940,16.25,0.353553390593274,1,"503",160,160
"183",41589,2018-04-02 11:00:00,-35.0734640702799,-6.18580927058959,-3904.36016065974,-685.341839642984,3.15140577211955,3.16319574074512,0.0187755440903847,0.00265775495245938,0.385520724417246,0.386012659694454,0.00146651359532772,NA,2,"505:506",7630,3815,15,0.707106781186548,2,"504:505",270,135
"184",41589,2018-04-02 13:00:00,-35.0731610312792,-6.18579156305976,-3904.32642651248,-685.339870025794,3.00443267648555,3.01682432614557,0.016867042520528,0.000984805332769946,0.390393467953956,0.390843896759428,0.0025379398480194,NA,1,"507",4180,4180,14.5,NA,2,"506:507",260,130
"185",41589,2018-04-02 15:00:00,-35.0729305977816,-6.18580795813805,-3904.30077477287,-685.341693658355,2.67902494146341,2.69218177487537,0.01282583870001,-0.000911819543347133,0.407867611710128,0.408248326688194,0.00446413644949116,NA,3,"508:510",7770,2590,14,0.5,3,"508:510",300,100
"186",41589,2018-04-02 17:00:00,-35.0728110865677,-6.1858624776543,-3904.2874708454,-685.347757891182,2.20016512421617,2.2140922955321,0.00665193262883068,-0.00303211967589186,0.429239904374647,0.429592121126862,0.00652784718171416,NA,2,"511:512",7980,3990,15.75,0.353553390593274,2,"511:512",290,145
"187",41589,2018-04-02 19:00:00,-35.0728408144181,-6.18595914342896,-3904.29078013457,-685.358510074787,1.60944664741141,1.62383760945736,-0.00165467569300986,-0.00537609506486424,0.441969944407295,0.442430683408061,0.0086309884970714,NA,2,"513:514",8780,4390,16.5,0,1,"513",130,130
"188",41589,2018-04-02 21:00:00,-35.0730580981134,-6.18610197726985,-3904.31496804489,-685.374397559683,0.970058495708595,0.983991989325835,-0.0120939862655117,-0.00794374571026427,0.429382137958093,0.4302425135492,0.0107504434822928,NA,1,"515",4560,4560,16.5,NA,2,"514:515",220,110
"189",41589,2018-04-02 23:00:00,-35.0735012544341,-6.18629500096883,-3904.36429998085,-685.395867696382,0.341078720622363,0.353505204372832,-0.0246659990886747,-0.0107350716120919,0.362721457644372,0.364709996951161,0.0128781600671831,NA,2,"516:517",8840,4420,15,0.707106781186548,1,"516",130,130
"190",41589,2018-04-03 01:00:00,-35.0741476562091,-6.18652931758366,-3904.43625709729,-685.42193087846,0.080913782985368,0.089492070899978,-0.0398966326133392,-0.0138052304672622,0.113540936539355,0.125078250339061,0.00715615826689423,NA,1,"518",4460,4460,14.5,NA,2,"517:518",230,115
"191",41589,2018-04-03 03:00:00,-35.0742520241996,-6.18651426317057,-3904.44787528884,-685.420256366425,0.0994739520460516,0.107703117437934,-0.00343199024113789,0.00170053396313073,0.140327393764697,0.143002709553321,0.00397264006457322,NA,2,"519:520",8870,4435,14.25,0.353553390593274,1,"519",110,110
"192",41589,2018-04-03 05:00:00,-35.074314026141,-6.1866204302128,-3904.45477731339,-685.432065395745,0.0817361458043874,0.0916737189499222,-0.00106128241117687,-0.00867041659922691,0.0900443049871371,0.0988580678670331,0.00860125121708741,NA,1,"521",4720,4720,15.5,NA,2,"520:521",240,120
"193",41589,2018-04-03 07:00:00,-35.0738289456111,-6.18597021322955,-3904.40077839581,-685.359741374501,0.0946129664141267,0.102063115925315,0.0448824852927894,0.0701260861368292,0.127901054709543,0.131899824628327,0.0513833644575307,NA,2,"522:523",8300,4150,16.25,0.353553390593274,2,"522:523",260,130
"194",41589,2018-04-03 09:00:00,-35.0740958313222,-6.18640469367881,-3904.43048797726,-685.40806888294,0.0896866705735722,0.0990471772402863,-0.0395975485450934,-0.0595154838051178,0.129535833500904,0.133209127959796,0.0082592512729359,NA,2,"524:525",7940,3970,16.25,0.353553390593274,1,"524",120,120
"195",41589,2018-04-03 11:00:00,-35.0743339483114,-6.18645842525191,-3904.45699503926,-685.414045479293,0.084278195395498,0.0953394650330227,0.00185880380191514,0.0117731444188564,0.0993162711680862,0.109311531274109,0.0437120802318793,NA,2,"526:527",8270,4135,15.25,0.353553390593274,2,"525:526",280,140
"196",41589,2018-04-03 13:00:00,-35.0743072602092,-6.1864582430506,-3904.45402413331,-685.414025212923,0.28115281870424,0.286906280808291,0.00145170751972876,-0.00059404444574293,0.146506994654705,0.149009100642213,0.0120669359776659,NA,1,"528",4270,4270,14.5,NA,2,"527:528",280,140
"197",41589,2018-04-03 15:00:00,-35.0743013461696,-6.18650040009873,-3904.45336578543,-685.418714368083,0.0967401327803196,0.10617999894882,8.76378939801433e-05,-0.00142142695797065,0.171039817599641,0.173086354398474,0.00113361928950268,NA,2,"529:530",8450,4225,14.25,0.353553390593274,1,"529",140,140
"198",41589,2018-04-03 17:00:00,-35.0742861378565,-6.18644167500751,-3904.45167280376,-685.412182339104,0.0791318078709611,0.0885886930004579,0.0017649358277425,0.00466510095190395,0.0941504461388356,0.102686882862612,0.00346341561281936,NA,2,"531:532",8370,4185,15.5,0.707106781186548,2,"530:531",250,125
"199",41589,2018-04-03 19:00:00,-35.0740639554396,-6.18658930952266,-3904.42693957025,-685.428603820843,0.0879825247933419,0.0958406157234651,0.00836367983072385,-0.00330087270588195,0.117726138167672,0.123680358418965,0.0110927711505617,NA,2,"533:534",5770,2885,16.5,0,2,"532:533",230,115
"200",41589,2018-04-03 21:00:00,-35.0741828601797,-6.18643393043951,-3904.44017598536,-685.41132090597,0.0707941767925764,0.0780471175283363,-0.00998843839494134,0.0110558530530934,0.0647692690103419,0.071477833699936,0.0165761816452073,NA,2,"535:536",6080,3040,16.5,0,3,"534:536",260,86.6666666666667
"201",41589,2018-04-03 23:00:00,-35.0750818129705,-6.18635890215795,-3904.54024695229,-685.402975464033,0.528495203576792,0.535251811302305,-0.0503712676285075,0.00353805657083194,0.349180993937259,0.351282297611184,0.0104237191538443,NA,2,"537:538",6620,3310,15.5,0.707106781186548,2,"537:538",240,120
"202",41589,2018-04-04 01:00:00,-35.0757474173087,-6.18631157303319,-3904.61434168828,-685.397711016971,1.25567420455906,1.26322499204359,-0.0370473885145758,0.00263222512522386,0.438186362307965,0.439113280944781,0.0133546353469692,NA,4,"539:542",7720,1930,14.5,0.408248290463863,3,"539:541",320,106.666666666667
"203",41589,2018-04-04 03:00:00,-35.0761989145139,-6.18627856639117,-3904.66460212726,-685.394039668577,1.96031942859954,1.96821129564574,-0.0251302400054693,0.00183567579059644,0.464060164925376,0.464527917436771,0.0119437397589949,NA,2,"543:544",8480,4240,14.5,0,2,"542:543",230,115
"204",41589,2018-04-04 05:00:00,-35.0764615783381,-6.18625791726953,-3904.69384173042,-685.391742854631,2.57264311249322,2.58048465942915,-0.0146198221011879,0.00114840856694968,0.459036748887905,0.459306728257916,0.0105328638441469,NA,1,"545",4290,4290,15.5,NA,2,"544:545",260,130
"205",41589,2018-04-04 07:00:00,-35.0765606825335,-6.18624766070455,-3904.70487395899,-685.390602010911,3.04908005891898,3.05668099333442,-0.00551613480173177,0.00057042345428356,0.439540761492855,0.439747678279813,0.00912201673078619,NA,2,"546:547",7910,3955,16.25,0.353553390593274,1,"546",240,240
"206",41589,2018-04-04 09:00:00,-35.0765215008521,-6.1862458317317,-3904.70051227417,-685.390398573193,3.36165710103431,3.36897125861243,0.00218082189289921,0.000101720452598097,0.417423441395791,0.417638770254639,0.00771121422752693,NA,2,"548:549",8850,4425,16.25,0.353553390593274,2,"547:548",270,135
"207",41589,2018-04-04 11:00:00,-35.076369307046,-6.18625046538593,-3904.68357013717,-685.390913977258,3.49434463511434,3.50141831732716,0.00847104798270502,-0.000257700438106715,0.402052621010171,0.402301821910753,0.00630048630167138,NA,1,"550",4060,4060,15.5,NA,2,"549:550",260,130
"208",41589,2018-04-04 13:00:00,-35.0761293748671,-6.18625959670192,-3904.6568610092,-685.391929658881,3.44146272950729,3.44839335064314,0.0133545434676856,-0.000507839217830874,0.399433622391752,0.399706634727085,0.00488989750004517,NA,2,"551:552",8260,4130,14.75,0.353553390593274,1,"551",150,150
"209",41589,2018-04-04 15:00:00,-35.0758269780677,-6.18627126071439,-3904.62319835146,-685.393227053842,3.20720240041945,3.21410247435421,0.0168313083478411,-0.000648695886574382,0.410402995717014,0.41067432616399,0.00347961702389958,NA,2,"553:554",7670,3835,14.5,0,2,"552:553",230,115
"210",41589,2018-04-04 17:00:00,-35.0754873903997,-6.18628349245814,-3904.58539562518,-685.394587597919,2.80603578091051,2.81299737925497,0.0189013426231713,-0.000680270444337237,0.430265548209659,0.430520545347012,0.00207027506716861,NA,1,"555",3920,3920,15,NA,2,"554:555",250,125
"211",41589,2018-04-04 19:00:00,-35.0751358856152,-6.18629432696818,-3904.54626629156,-685.395792726889,2.26413044862728,2.27118504622824,0.0195646462936764,-0.00060256289111944,0.45035429059007,0.450608454691369,0.000667839968205413,NA,2,"556:557",8080,4040,15.75,0.353553390593274,2,"556:557",250,125
"212",41589,2018-04-04 21:00:00,-35.0747977374662,-6.18630179927959,-3904.5086238118,-685.396623876531,1.62214057739645,1.62920960907377,0.0188212193593563,-0.000415573226920991,0.459376665743308,0.459689358083048,0.000766582507750884,NA,2,"558:559",8710,4355,16,0,1,"558",100,100
"213",41589,2018-04-04 23:00:00,-35.0744982197049,-6.18630394442762,-3904.47528164713,-685.396862482622,0.9386704928427,0.945540153043078,0.016671061820211,-0.00011930145174189,0.442293204318849,0.442797377915474,0.00217047331425915,NA,1,"560",4450,4450,15.5,NA,2,"559:560",160,80
"214",41589,2018-04-05 01:00:00,-35.0742626060832,-6.18629879744732,-3904.44905325874,-685.396289980941,0.243304937184597,0.252064901364385,0.0131141736762406,0.000286252434417863,0.372592890719839,0.373628193398904,0.00357993396912526,NA,2,"561:562",8480,4240,15,0.707106781186548,2,"561:562",250,125
"215",41589,2018-04-05 03:00:00,-35.0741003445825,-6.18628613064797,-3904.4309903911,-685.394881045334,0.18288101931128,0.1885173158891,0.00784195340101139,0.000825062194654649,0.139479783835991,0.144290099075366,0.00367785368176468,NA,2,"563:564",8570,4285,14.5,0,1,"563",140,140
"216",41589,2018-04-05 05:00:00,-35.0742386051206,-6.18637103210512,-3904.4463814838,-685.40432468544,0.0837434840891817,0.0930352122487455,-0.0146727022426802,-0.00752243236353229,0.108433300895208,0.118464501146086,0.0134668044007271,NA,1,"565",4400,4400,15,NA,2,"564:565",270,135
"217",41589,2018-04-05 07:00:00,-35.0743187437761,-6.18656333194452,-3904.45530247813,-685.425714317842,0.361174206442212,0.366277880139652,-0.00250001699259362,-0.0111463632694102,0.209484639475194,0.210700180851729,0.0120661509277935,NA,2,"566:567",8190,4095,16,0,2,"566:567",290,145
"218",41589,2018-04-05 09:00:00,-35.0742364258651,-6.18662565451043,-3904.44613889019,-685.432646497839,0.224157661639046,0.231581484449983,0.00458167097083627,-0.00346589861533355,0.149006459819603,0.150442960044238,0.0104470015657082,NA,2,"568:569",7850,3925,16.25,0.353553390593274,1,"568",160,160
"219",41589,2018-04-05 11:00:00,-35.0741909383203,-6.18637840752165,-3904.44107523987,-685.405145057526,0.0785837515607124,0.0875036325441399,0.00112294306604167,0.0206152254313332,0.101232384772301,0.111224548355583,0.0137884107444446,NA,2,"570:571",8040,4020,15.5,0,2,"569:570",290,145
"220",41589,2018-04-05 13:00:00,-35.0741502019969,-6.18649901402493,-3904.43654049308,-685.418560194209,0.0880984084877297,0.09587927770411,-0.0034446709364823,-0.0138019731100796,0.11989083385683,0.125659503701456,0.0109106526994067,NA,1,"572",4200,4200,15,NA,2,"571:572",260,130
"221",41589,2018-04-05 15:00:00,-35.0742130044345,-6.18640366545566,-3904.44353162846,-685.407954513045,0.136266679743248,0.14254693167093,-0.00257014263272543,0.0112789629620521,0.0955607441442994,0.100100277622723,0.0234060679888834,NA,2,"573:574",7790,3895,14.75,0.353553390593274,2,"573:574",210,105
"222",41589,2018-04-05 17:00:00,-35.074231703771,-6.18635685374208,-3904.44561322908,-685.402747617492,0.0818498898146148,0.0907961359810365,8.11029454144908e-05,-0.00176509903569493,0.09960446457367,0.106819060905203,0.000834205855194522,NA,2,"575:576",7450,3725,14.75,0.353553390593274,1,"575",150,150
"223",41589,2018-04-05 19:00:00,-35.0740734755695,-6.18634535057748,-3904.42799934626,-685.401468113523,0.172379508424497,0.17836242240805,-0.00140519788472094,-0.00181222774334185,0.14797141953938,0.150737569928957,0.0229097278781203,NA,2,"577:578",8650,4325,15.5,0,2,"576:577",210,105
"224",41589,2018-04-05 21:00:00,-35.0741990511096,-6.18645795985509,-3904.44197835144,-685.413993712909,0.0966620306615768,0.104213520385041,-0.0026898942125151,-0.00691796886450035,0.120651043371275,0.127038076996993,0.00705274712903523,NA,3,"579:581",4680,1560,16.8333333333333,0.288675134594813,4,"578:581",400,100
"225",41589,2018-04-05 23:00:00,-35.0743019260724,-6.18620848306333,-3904.45343033992,-685.386244259171,0.0969921239538735,0.110396315141588,-0.00720219155498965,0.0199806483953661,0.109989124971592,0.118772648290862,0.000203668893879676,NA,2,"582:583",8520,4260,16.25,0.353553390593274,1,"582",130,130
"226",41589,2018-04-06 01:00:00,-35.074372646687,-6.1859828217291,-3904.46130292272,-685.361143824537,0.743832114440121,0.751921855665859,-0.0039362994793157,0.0125502330659575,0.362472148867964,0.363997377640821,0.00811647232592216,NA,1,"584",3770,3770,15,NA,2,"583:584",260,130
"227",41589,2018-04-06 03:00:00,-35.0743946405266,-6.185871349179,-3904.46375126574,-685.348744675332,1.41323199578358,1.42178651218732,-0.00122417958927161,0.00619959035209295,0.425756949671106,0.426529051428232,0.00690552367146281,NA,2,"585:586",8750,4375,14.75,0.353553390593274,2,"585:586",240,120
"228",41589,2018-04-06 05:00:00,-35.0743778568316,-6.18585465044097,-3904.46188291336,-685.346887266323,2.01752183782028,2.02644482798538,0.000934168115142635,0.000928720253772528,0.434229356596977,0.434784106568229,0.00569565943561573,NA,2,"587:588",8780,4390,14.5,0,1,"587",130,130
"229",41589,2018-04-06 07:00:00,-35.0743322448423,-6.18591331048106,-3904.45680540994,-685.353412052279,2.49388684531237,2.50325200635571,0.00253874363392703,-0.0032623772290038,0.418025458112548,0.418554114439624,0.00448775675651168,NA,1,"589",4190,4190,15.5,NA,2,"588:589",310,155
"230",41589,2018-04-06 09:00:00,-35.0742677537991,-6.18602791423505,-3904.44962629985,-685.36615948797,2.8035562499295,2.81359294805977,0.00358954696708157,-0.00637370209623603,0.395009104840062,0.395565853919412,0.00328398082735365,NA,2,"590:591",7950,3975,15.75,0.353553390593274,2,"590:591",300,150
"231",41589,2018-04-06 11:00:00,-35.0741943329424,-6.18617904663289,-3904.44145312747,-685.382970028165,2.92515736830716,2.93616690596916,0.00408657811460626,-0.00840525434792417,0.37855069306187,0.379100754927739,0.00209146946259056,NA,2,"592:593",7740,3870,15.75,0.353553390593274,1,"592",150,150
"232",41589,2018-04-06 13:00:00,-35.0741219315125,-6.1863472926159,-3904.43339343716,-685.401684127631,2.85187027074791,2.86414687427051,0.0040298370765011,-0.00935703398406821,0.376997815466191,0.377465053094685,0.000953469465260288,NA,2,"594:595",8240,4120,15.25,0.353553390593274,2,"593:594",290,145
"233",41589,2018-04-06 15:00:00,-35.0740604987498,-6.18651323714677,-3904.4265547733,-685.420142241139,2.59068465494147,2.60443397146716,0.00341932385276609,-0.00922904100466816,0.390872277351518,0.391214060728496,0.000623785699684609,NA,1,"596",3960,3960,14.5,NA,2,"595:596",230,115
"234",41589,2018-04-06 17:00:00,-35.0740199838947,-6.18665746521235,-3904.42204468026,-685.436184823457,2.16334949985953,2.17858634253958,0.00225503844340123,-0.00802127540972402,0.412580596552871,0.412847659718487,0.00167757510913541,NA,2,"597:598",7490,3745,15,0,2,"597:598",240,120
"235",41589,2018-04-06 19:00:00,-35.0740103361875,-6.18676056181912,-3904.42097070241,-685.447652329354,1.60940951182463,1.62579348369379,0.000536980848406514,-0.00573373719923578,0.429074535123696,0.429436413743019,0.00286086577178356,NA,2,"599:600",7900,3950,15.25,0.353553390593274,1,"599",140,140
"236",41589,2018-04-06 21:00:00,-35.0740415048686,-6.18680311198145,-3904.42444038412,-685.452385213599,0.991982763006093,1.00847420925962,-0.00173484893221805,-0.00236642637320345,0.422815009023342,0.423613892461879,0.00406201831005809,NA,2,"601:602",4860,2430,15.75,0.353553390593274,3,"600:602",330,110
"237",41589,2018-04-06 23:00:00,-35.0741234391784,-6.18676570070288,-3904.43356126976,-685.448223930961,0.387008927896369,0.401720404728622,-0.00456045089847246,0.00208065706837297,0.365051018001954,0.367092462510128,0.00526883076289645,NA,3,"603:605",10550,3516.66666666667,15.8333333333333,0.288675134594813,2,"603:604",250,125
"238",41589,2018-04-07 01:00:00,-35.0742536417703,-6.18664908011595,-3904.44805535599,-685.435252143563,0.0915195494709171,0.0988259020499489,-0.00805965519830274,0.00784116392202372,0.147267515206981,0.157221929433971,0.00231334534007601,NA,1,"606",4600,4600,15.5,NA,2,"605:606",230,115
"239",41589,2018-04-07 03:00:00,-35.0742048980749,-6.18658525038029,-3904.44262923264,-685.428152319776,0.0900201797130407,0.100066547123043,0.00525236639386454,0.00265907472813745,0.121233231028279,0.125454901834466,0.00101807077232887,NA,2,"607:608",7930,3965,14.75,0.353553390593274,1,"607",130,130
"240",41589,2018-04-07 05:00:00,-35.074241861709,-6.18645979691809,-3904.44674400557,-685.414198050584,0.0743780283742821,0.0827669347089179,-0.00346178464252493,0.00660216063231729,0.0973154132463284,0.105036569385215,0.00264471866149962,NA,2,"609:610",7350,3675,14.75,0.353553390593274,2,"608:609",220,110
"241",41589,2018-04-07 07:00:00,-35.074251626568,-6.18645470359912,-3904.4478310247,-685.413631517514,0.0813904622760523,0.091168580525186,-0.0098777216112829,-0.0098425173657785,0.0961780874334429,0.104968596050111,0.0279906484584234,NA,2,"611:612",7490,3745,15.5,0,2,"610:611",170,85
"242",41589,2018-04-07 09:00:00,-35.074217385287,-6.18656650863159,-3904.44401930274,-685.426067662814,0.0946591860740642,0.103532087432776,0.00340441595667353,-0.00567858371076558,0.0658864693822004,0.072242391248746,0.0136388504478785,NA,1,"613",4170,4170,16,NA,2,"612:613",280,140
"243",41589,2018-04-07 11:00:00,-35.074169486924,-6.18640122485411,-3904.43868728135,-685.407683043429,0.0987286953394719,0.106747714922638,0.00466584424281926,0.00825492721515188,0.140020158889447,0.142944567066239,0.00549595544647114,NA,2,"614:615",8420,4210,16,0,1,"614",150,150
"244",41589,2018-04-07 13:00:00,-35.0741564889166,-6.18631805027061,-3904.43724034979,-685.398431483964,0.0839976037301088,0.0936187308738905,-0.00293511620265878,0.00557036811785754,0.0978932839783467,0.105662660710701,0.000265351500790335,NA,2,"616:617",8060,4030,15.5,0,2,"615:616",310,155
"245",41589,2018-04-07 15:00:00,-35.0741501069232,-6.1864192409188,-3904.43652990953,-685.409686981445,0.0790996945914904,0.0870834287634484,-0.0127146260464708,-0.00445846543748399,0.0995799456573267,0.106661336090056,0.0228202621190657,NA,2,"618:619",7800,3900,14.75,0.353553390593274,2,"617:618",260,130
"246",41589,2018-04-07 17:00:00,-35.0742944863637,-6.18658994359431,-3904.45260215533,-685.42867434905,0.173147996265538,0.180836204271669,-0.00242772008978179,-0.00489670454823781,0.188685229820671,0.19033894656807,0.0123513879996794,NA,2,"620:621",4170,2085,13.5,1.4142135623731,3,"619:621",280,93.3333333333333
"247",41589,2018-04-07 19:00:00,-35.0742184951745,-6.18653333454396,-3904.44414285485,-685.422377687541,0.109744319258683,0.122468715683991,0.00154843989630239,0.000284026860419926,0.166651606783929,0.169094641262538,0.00452724540144706,NA,2,"622:623",8570,4285,15.25,0.353553390593274,1,"622",130,130
"248",41589,2018-04-07 21:00:00,-35.0745171237809,-6.18683561344253,-3904.47738603925,-685.456000374049,0.133793107936259,0.141524585359924,-0.0166210415712821,-0.016810501478072,0.0763866108860802,0.0815728699648743,0.0249470029445703,NA,3,"624:626",5540,1846.66666666667,14.8333333333333,1.15470053837925,4,"623:626",340,85
"249",41589,2018-04-07 23:00:00,-35.0744406764869,-6.18641409666067,-3904.46887596541,-685.409114782426,0.0874209528391999,0.0981442038495361,0.0112423892678923,0.0364678302870863,0.0834674938132506,0.0934296810161744,0.0454800465014117,NA,4,"627:630",8700,2175,15.875,0.25,3,"627:629",290,96.6666666666667
"250",41589,2018-04-08 01:00:00,-35.0741538364947,-6.1856903554535,-3904.43694508353,-685.328612655597,0.63739717975596,0.645020715706784,0.0165038204977281,0.0405818098403445,0.357418409095549,0.358928881466325,0.0047463414118083,NA,1,"631",4560,4560,15.5,NA,2,"630:631",250,125
"251",41589,2018-04-08 03:00:00,-35.0737976947081,-6.18494024330121,-3904.3972995612,-685.245177392092,1.3313115379279,1.33909602159384,0.0198227385383194,0.0417176025444322,0.430572653021808,0.431321724586909,0.0035078828410911,NA,2,"632:633",9110,4555,15.25,0.353553390593274,1,"632",130,130
"252",41589,2018-04-08 05:00:00,-35.0734097977814,-6.18420571435064,-3904.35411907284,-685.163475570344,1.97680494326464,1.98486773366964,0.0215902215504177,0.0408508816655312,0.445231695694507,0.445746831530162,0.00196855309300482,NA,1,"634",4460,4460,14.5,NA,2,"633:634",240,120
"253",41589,2018-04-08 07:00:00,-35.0730180192706,-6.18352277538533,-3904.31050648851,-685.087512217521,2.50668383699591,2.51509750527075,0.0218062695340229,0.0379816472036416,0.432491939840646,0.432961064355961,0.00287735696925402,NA,2,"635:636",8760,4380,15,0,1,"635",90,90
"254",41589,2018-04-08 09:00:00,-35.0726502327317,-6.18292743336657,-3904.26956467828,-685.021292360787,2.87990666116432,2.88885551799019,0.020470882489135,0.0331098991587634,0.409781710128503,0.410270627123709,0.00505145400577188,NA,2,"637:638",8070,4035,15.25,0.353553390593274,2,"636:637",170,85
"255",41589,2018-04-08 11:00:00,-35.0723343117205,-6.18245569538538,-3904.23439651219,-684.968821027309,3.07237445915627,3.08211056360009,0.0175840604157541,0.0262356375308966,0.39013967950683,0.390637011233102,0.00745581750123495,NA,1,"639",4450,4450,15.5,NA,2,"638:639",280,140
"256",41589,2018-04-08 13:00:00,-35.0720981297932,-6.18214356858964,-3904.2081048603,-684.934103244253,3.07361788670973,3.08440395609538,0.0131458033138801,0.0173588623200412,0.382836288276847,0.383283930578254,0.00992447803395181,NA,2,"640:641",8070,4035,15.5,0,2,"640:641",350,175
"257",41589,2018-04-08 15:00:00,-35.0719695605056,-6.18202706008643,-3904.19379259268,-684.921144038784,2.88567342583797,2.89772277128653,0.00715611118351308,0.00647957352619718,0.391054721400034,0.391399805959248,0.0124191520031136,NA,2,"642:643",8510,4255,15.5,0,1,"642",160,160
"258",41589,2018-04-08 17:00:00,-35.0719764774138,-6.18214217681953,-3904.19456257937,-684.933948438069,2.52343516388988,2.53684005057534,-0.000385015975347032,-0.00640222885063546,0.410507567440682,0.410757127034937,0.0149268024473384,NA,1,"644",4120,4120,15,NA,2,"643:644",290,145
"259",41589,2018-04-08 19:00:00,-35.0721467540736,-6.18252492542217,-3904.21351769044,-684.976521469274,2.01663970735466,2.03126560529235,-0.00947757816270021,-0.0212865448104567,0.431111124766661,0.431358708239239,0.0174418332959203,NA,2,"645:646",8620,4310,15,0,1,"645",140,140
"260",41589,2018-04-08 21:00:00,-35.0725082640411,-6.18321131204471,-3904.25376079594,-685.052868159564,1.41445397384848,1.42973208498496,-0.0201215753785465,-0.0381733743532666,0.439030958960801,0.439476962082832,0.0199614550756917,NA,2,"647:648",6800,3400,15,0,3,"646:648",300,100
"261",41589,2018-04-08 23:00:00,-35.0730888808723,-6.18423734215752,-3904.31839476593,-685.166993536106,0.793618896937059,0.807994230202287,-0.0323170076228858,-0.0570627174790651,0.415068877278061,0.416110987865541,0.0224841244292594,NA,2,"649:650",6540,3270,15.5,0,2,"649:650",250,125
"262",41589,2018-04-09 01:00:00,-35.073916478123,-6.1856390203286,-3904.41052247046,-685.322902626065,0.205765902004448,0.217655496285868,-0.0460638748957181,-0.0779545741878521,0.320684478354068,0.323468455811914,0.025008919140126,NA,3,"651:653",6570,2190,15.3333333333333,0.288675134594813,3,"651:653",270,90
"263",41589,2018-04-09 03:00:00,-35.0752946274804,-6.18741111530634,-3904.56393735516,-685.520013889792,0.0852137223176946,0.0925124624328618,-0.139173090259506,-0.127760514272587,0.150772359986385,0.153996239358342,0.029667365369936,NA,4,"654:657",8500,2125,14.875,0.946484724300046,3,"654:656",230,76.6666666666667
"264",41589,2018-04-09 05:00:00,-35.0746780659361,-6.18698139161948,-3904.495302038,-685.472215386316,0.0601155006086189,0.0661782634771685,0.114857456719485,0.140353692557695,0.101559696505566,0.107660746965037,0.0643079579057396,NA,4,"658:661",7320,1830,15.125,0.25,4,"657:660",310,77.5
"265",41589,2018-04-09 07:00:00,-35.074124254506,-6.18655510348735,-3904.43365203161,-685.424799061198,0.0706647134165945,0.0782725982277235,0.00707479411791596,0.00448320657069759,0.119036035031036,0.12558565711384,0.0258153057777563,NA,1,"662",4460,4460,15,NA,2,"661:662",200,100
"266",41589,2018-04-09 09:00:00,-35.0740391221253,-6.18650845310914,-3904.42417513835,-685.419610109572,0.0901505626411655,0.0979666252263186,-0.0014558006514709,0.000440257948568598,0.1304939837765,0.133666331962416,0.00917806186270033,NA,2,"663:664",7600,3800,15,0,2,"663:664",260,130
"267",41589,2018-04-09 11:00:00,-35.0742937267109,-6.18654127794058,-3904.45251759117,-685.423261236675,0.0905443454977137,0.0992717404107294,-0.012759385186081,0.00141268572246538,0.135162908084304,0.138296434030236,0.00551182796458053,NA,2,"665:666",8040,4020,15.5,0,1,"665",160,160
"268",41589,2018-04-09 13:00:00,-35.0743138876719,-6.18645942310475,-3904.45476189908,-685.414156471089,0.0800817071828626,0.0894714277418677,-0.000107633962698253,-0.000463790173628453,0.0900679478514987,0.0983853985631142,0.0115872048257095,NA,3,"667:669",8520,2840,11.6666666666667,8.37157890324957,3,"666:668",250,83.3333333333333
"269",41589,2018-04-09 15:00:00,-35.0743420280077,-6.18623930643539,-3904.45789446693,-685.389672760683,0.0902258722961339,0.097679329361171,0.00452643415742514,0.00984810173093671,0.10867607595531,0.114801115698755,0.0115048045078699,NA,1,"670",4180,4180,16,NA,2,"669:670",260,130
"270",41589,2018-04-09 17:00:00,-35.0743022427693,-6.18633079158621,-3904.45346559445,-685.399848708145,0.0945667057531588,0.103535565208978,0.000937313022184395,-0.00927634841182183,0.138674814150509,0.141431673136094,0.00107579769529052,NA,2,"671:672",8350,4175,15.5,0,1,"671",110,110
"271",41589,2018-04-09 19:00:00,-35.0741804210005,-6.18641063946383,-3904.43990445718,-685.40873023628,0.0840558277838229,0.0948140156375118,0.0106078485990779,6.74891373075376e-06,0.0962601727638503,0.105911925443265,0.012799370757716,NA,2,"673:674",6920,3460,15,0,2,"672:673",200,100
"272",41589,2018-04-09 21:00:00,-35.0742235289323,-6.18523225316713,-3904.4447032102,-685.277657747648,0.0714902262163884,0.079658262937611,-0.00294830576404984,0.0682762754714112,0.0548187189243464,0.0609006920530239,0.0668598013598015,NA,3,"675:677",5750,1916.66666666667,15.6666666666667,0.763762615825973,4,"674:677",360,90
"273",41589,2018-04-09 23:00:00,-35.0745928551605,-6.18411796868163,-3904.48581641785,-685.153715607372,0.0702805289403108,0.0791191101467364,0.0104624513428102,-0.129350532411405,0.125170808622671,0.132179467472245,0.172669144942893,NA,3,"678:680",8160,2720,15.8333333333333,0.577350269189626,2,"678:679",200,100
"274",41589,2018-04-10 01:00:00,-35.0754649089035,-6.18580910043516,-3904.58289299647,-685.341820716624,0.631414766019188,0.640105454920279,-0.059760123625824,-0.0718483510063396,0.359045889908972,0.361613409821659,0.165380723425172,NA,3,"681:683",5540,1846.66666666667,15.5,0.5,4,"680:683",320,80
"275",41589,2018-04-10 03:00:00,-35.0778014966284,-6.18451554905946,-3904.84300075221,-685.197938541246,1.3193924590046,1.32965901679237,-0.130053575285688,0.0719405767487194,0.426999554840323,0.428286512478404,0.16005132017952,NA,2,"684:685",8990,4495,15.5,0,1,"684",110,110
"276",41589,2018-04-10 05:00:00,-35.0810282860501,-6.18126642349385,-3905.20220530752,-684.836538732413,1.94743694369033,1.95894865701278,-0.179601975077642,0.180699393476544,0.437662563349095,0.438676648683869,0.119513698536946,NA,1,"686",4570,4570,15.5,NA,2,"685:686",270,135
"277",41589,2018-04-10 07:00:00,-35.0847725652253,-6.17669156387856,-3905.61901655869,-684.327681512179,2.44976866440821,2.46276624965992,-0.208405323001686,0.254428099177136,0.42218109103042,0.423264056357684,0.0791552581697383,NA,2,"687:688",8350,4175,15,0.707106781186548,2,"687:688",240,120
"278",41589,2018-04-10 09:00:00,-35.0886616222107,-6.17142081840428,-3906.05194440197,-683.741427102598,2.78667469801965,2.80176152289136,-0.21646361905782,0.293126693850493,0.398579318817517,0.399794870003035,0.0395286904035675,NA,2,"689:690",8190,4095,15,0.707106781186548,1,"689",140,140
"279",41589,2018-04-10 11:00:00,-35.092322745063,-6.16608405548589,-3906.45949873363,-683.147835725725,2.93580268282611,2.95372913464376,-0.203776863246044,0.296795177496616,0.380413822321908,0.381634211888451,0.0132064963290615,NA,2,"691:692",6560,3280,15,0,2,"690:691",210,105
"280",41589,2018-04-10 13:00:00,-35.0953832218391,-6.16131116831023,-3906.80018944992,-682.616967603614,2.88908839488287,2.91056831151672,-0.170345055566357,0.265433550115505,0.376660864019258,0.377666410907694,0.0458392565027311,NA,1,"693",4650,4650,15.5,NA,2,"692:693",290,145
"281",41589,2018-04-10 15:00:00,-35.0974703405956,-6.15773207179363,-3907.03252644712,-682.21888295832,2.65190455634126,2.67743057286136,-0.116168196018761,0.199041811707161,0.388894787087356,0.389547363871109,0.0856912774984833,NA,2,"694:695",8760,4380,15.5,0,1,"694",170,170
"282",41589,2018-04-10 17:00:00,-35.0982113893893,-6.15597669198704,-3907.11501962149,-682.023642011897,2.2438782079539,2.27349186380046,-0.0412462846032541,0.0976199622715823,0.410509416560554,0.410896643976152,0.126093950501545,NA,2,"696:697",8990,4495,15.25,0.353553390593274,2,"695:696",210,105
"283",41589,2018-04-10 19:00:00,-35.097233656277,-6.1566749479478,-3907.0061788693,-682.101304986399,1.70185006151863,1.73477176718979,0.0544206786801628,-0.0388319981912302,0.429213825860725,0.429698187247539,0.166647248336165,NA,1,"698",4530,4530,14.5,NA,2,"697:698",280,140
"284",41589,2018-04-10 21:00:00,-35.0941644293153,-6.16045672605615,-3906.6645140868,-682.521932103882,1.08685288750978,1.12065490510314,0.17083269383149,-0.210314069681277,0.428581297721346,0.429882204022123,0.207262775514829,NA,4,"699:702",7560,1890,15.875,0.25,3,"699:701",300,100
"285",41589,2018-04-10 23:00:00,-35.0886309965611,-6.16795184669358,-3906.04853517026,-683.355583586399,0.496735683585775,0.524764105389263,0.307989760850727,-0.416826252198557,0.383434480598469,0.387098075637415,0.247909948492129,NA,3,"703:705",5910,1970,15.6666666666667,0.763762615825973,4,"702:705",380,95
"286",41589,2018-04-11 01:00:00,-35.0804936291259,-6.17943387445316,-3905.14268757098,-684.632705535935,0.0768508687131134,0.0865228340171687,0.467619193431598,-0.661285289015408,0.222508279394572,0.235747662267697,0.0298396321451915,NA,3,"706:708",9450,3150,14.8333333333333,1.25830573921179,2,"706:707",170,85
"287",41589,2018-04-11 03:00:00,-35.075091525015,-6.18558757888957,-3904.54132809213,-685.317180771728,0.103412821790535,0.109631926512686,0.24685497052551,-0.242339018452628,0.0748763649912538,0.0796852841386875,0.486159268165297,NA,2,"709:710",5940,2970,16,0,2,"708:709",150,75
"288",41589,2018-04-11 05:00:00,-35.0747038083036,-6.18755325271735,-3904.49816766525,-685.535823954413,0.111058587938034,0.11726805199486,-0.0586910930375051,-0.0689272032951392,0.10556505680619,0.110711125759379,0.132681244466213,NA,4,"711:714",6540,1635,15,1.35400640077266,4,"710:713",260,65
"289",41589,2018-04-11 07:00:00,-35.0744675956762,-6.18643454753024,-3904.47187259585,-685.411389545359,0.0708774802079271,0.0801244277100606,0.0256838020540173,0.0848070367672884,0.137440178092407,0.143763460184254,0.0282294108371277,NA,2,"715:716",7920,3960,15.25,0.353553390593274,2,"714:715",170,85
"290",41589,2018-04-11 09:00:00,-35.0743129883641,-6.18645756678478,-3904.45466178859,-685.413949991452,0.0945348182987877,0.104612170785057,0.00795144533268291,-0.00485336682713424,0.0584729981007077,0.0646763390632338,0.0872731276128941,NA,1,"717",4000,4000,14.5,NA,2,"716:717",190,95
"291",41589,2018-04-11 11:00:00,-35.0742147900191,-6.1865762589297,-3904.44373039883,-685.427152194836,0.124523989934073,0.131561601141056,0.00512109607578514,-0.00652258749007326,0.0827714213326442,0.0882242643688909,0.00211892465705423,NA,2,"718:719",8790,4395,14.75,0.353553390593274,1,"718",180,180
"292",41589,2018-04-11 13:00:00,-35.0743074381015,-6.1864726620067,-3904.45404393619,-685.415629042498,0.0845760543768274,0.0943431756497852,-0.00827059047067302,0.00957066617325126,0.0909318226417017,0.0988970057479998,2.51884053654103e-05,NA,2,"720:721",8300,4150,15.5,0,2,"719:720",270,135
"293",41589,2018-04-11 15:00:00,-35.0743225382167,-6.18649410549672,-3904.45572487332,-685.41801421549,0.0848410238650939,0.0931121509978534,0.00801337121802049,-0.0157544652772088,0.0997965138912149,0.107124492669755,0.0309856219438066,NA,1,"722",4570,4570,16,NA,2,"721:722",280,140
"294",41589,2018-04-11 17:00:00,-35.0739807937717,-6.18666252782539,-3904.41768205572,-685.436747941304,0.11777136823463,0.129809505684314,0.0163969486053492,-0.00893238169391866,0.167860606739166,0.171181074991765,0.00554450634710393,NA,2,"723:724",9000,4500,16,0,1,"723",160,160
"295",41589,2018-04-11 19:00:00,-35.0741577420227,-6.18681270214561,-3904.43737984493,-685.453451934302,0.0889395307078099,0.099047861845682,-0.00984840334800826,-0.00835110751466094,0.0659985075842659,0.0724009528519965,0.0262517881072333,NA,2,"725:726",6500,3250,14.75,0.353553390593274,2,"724:725",300,150
"296",41589,2018-04-11 21:00:00,-35.0743457575009,-6.18546875460271,-3904.45830963221,-685.303963895159,0.068021574277907,0.0758808293034349,-0.0309496904946441,0.186267429967386,0.113690488199045,0.119788004444877,0.147758599041374,NA,2,"727:728",4840,2420,15.5,0,3,"726:728",250,83.3333333333333
"297",41589,2018-04-11 23:00:00,-35.0783654955363,-6.17498737783348,-3904.90578482344,-684.138127682067,0.439427955271835,0.454081654700374,-0.236798322824935,0.609416486344893,0.347127720125556,0.35311835079019,0,NA,0,"NA",NA,NA,NA,NA,0,"NA",NA,NA
